,주소,급속충전기(대),완속충전기(대),지원차종
0,서울특별시 강남구 자곡동,1,4,"SM3 Z.E,레이EV,소울EV,닛산리프,아이오닉EV,BMW i3,스파크EV,볼트EV,테슬라"
1,서울특별시 강남구 논현동,1,0,"SM3 Z.E,레이EV,소울EV,닛산리프,아이오닉EV,BMW i3,스파크EV,볼트EV,테슬라"
2,서울특별시 강남구 일원동,1,0,"SM3 Z.E,레이EV,소울EV,닛산리프,아이오닉EV,BMW i3,스파크EV,볼트EV,테슬라"
3,서울특별시 강남구 삼성동,1,0,"SM3 Z.E,레이EV,소울EV,닛산리프,아이오닉EV,BMW i3,스파크EV,볼트EV,테슬라"
4,서울특별시 강남구 세곡동,1,1,"SM3 Z.E,레이EV,소울EV,닛산리프,아이오닉EV,BMW i3,스파크EV,볼트EV,테슬라"
5,서울특별시 강남구 수서동,1,3,"SM3 Z.E,레이EV,소울EV,닛산리프,아이오닉EV,BMW i3,스파크EV,볼트EV,테슬라"
6,서울특별시 강남구 도곡동,2,0,"SM3 Z.E,레이EV,소울EV,닛산리프,아이오닉EV,BMW i3,스파크EV,볼트EV,테슬라"
7,서울특별시 강남구 자곡동,1,1,"SM3 Z.E,레이EV,소울EV,닛산리프,아이오닉EV,BMW i3,스파크EV,볼트EV,테슬라"
8,서울특별시 강남구 율현동,0,2,"SM3 Z.E,레이EV,소울EV,닛산리프,아이오닉EV,BMW i3,스파크EV,볼트EV,테슬라"
9,서울특별시 강남구 율현동,1,2,"SM3 Z.E,레이EV,소울EV,닛산리프,아이오닉EV,BMW i3,스파크EV,볼트EV,테슬라"
10,서울특별시 강남구 자곡동,1,4,"SM3 Z.E,레이EV,소울EV,닛산리프,아이오닉EV,BMW i3,스파크EV,볼트EV,테슬라"
11,서울특별시 강남구 역삼동,1,2,"SM3 Z.E,레이EV,소울EV,닛산리프,아이오닉EV,BMW i3,스파크EV,볼트EV,테슬라"
12,서울특별시 강남구 역삼동,0,3,"SM3 Z.E,레이EV,소울EV,닛산리프,아이오닉EV,BMW i3,스파크EV,볼트EV,테슬라"
13,서울특별시 강남구 일원동,1,1,"SM3 Z.E,레이EV,소울EV,닛산리프,아이오닉EV,BMW i3,스파크EV,볼트EV,테슬라"
14,서울특별시 강남구 역삼동,1,0,"SM3 Z.E,테슬라"
15,서울특별시 강남구 삼성동,0,1,"SM3 Z.E,레이EV,소울EV,닛산리프,아이오닉EV,BMW i3,스파크EV,볼트EV,테슬라"
16,서울특별시 강남구 대치동,1,0,"SM3 Z.E,테슬라"
17,서울특별시 강남구 대치동,1,1,"SM3 Z.E,레이EV,소울EV,닛산리프,아이오닉EV,BMW i3,스파크EV,볼트EV,테슬라"
18,서울특별시 강남구 도곡동,1,0,"SM3 Z.E,레이EV,소울EV,닛산리프,아이오닉EV,BMW i3,스파크EV,볼트EV,테슬라"
19,서울특별시 강남구 논현동,2,2,"SM3 Z.E,레이EV,소울EV,닛산리프,아이오닉EV,BMW i3,스파크EV,볼트EV,테슬라"
20,서울특별시 강남구 대치동,0,2,"SM3 Z.E,레이EV,소울EV,닛산리프,아이오닉EV,BMW i3,스파크EV,볼트EV,테슬라"
21,서울특별시 강남구 삼성동,0,1,"SM3 Z.E,레이EV,소울EV,닛산리프,아이오닉EV,BMW i3,스파크EV,볼트EV,테슬라"
22,서울특별시 강남구 자곡동,1,2,"SM3 Z.E,레이EV,소울EV,닛산리프,아이오닉EV,BMW i3,스파크EV,볼트EV,테슬라"
23,서울특별시 강남구 역삼동,1,1,"SM3 Z.E,레이EV,소울EV,닛산리프,아이오닉EV,BMW i3,스파크EV,볼트EV,테슬라"
24,서울특별시 강남구 대치동,2,0,"SM3 Z.E,레이EV,소울EV,닛산리프,아이오닉EV,BMW i3,스파크EV,볼트EV,테슬라"
25,서울특별시 강남구 대치동,1,1,"SM3 Z.E,레이EV,소울EV,닛산리프,아이오닉EV,BMW i3,스파크EV,볼트EV,테슬라"
26,서울특별시 강남구 삼성동,0,2,"레이EV,소울EV,닛산리프,아이오닉EV,BMW i3,스파크EV,볼트EV"
27,서울특별시 강남구 삼성동,0,1,"SM3 Z.E,레이EV,소울EV,닛산리프,아이오닉EV,BMW i3,스파크EV,볼트EV,테슬라"
28,서울특별시 강남구 삼성동,0,1,"SM3 Z.E,레이EV,소울EV,닛산리프,아이오닉EV,BMW i3,스파크EV,볼트EV,테슬라"
29,서울특별시 강남구 삼성동,0,1,"SM3 Z.E,레이EV,소울EV,닛산리프,아이오닉EV,BMW i3,스파크EV,볼트EV,테슬라"
30,서울특별시 강남구 삼성동,1,3,"SM3 Z.E,레이EV,소울EV,닛산리프,아이오닉EV,BMW i3,스파크EV,볼트EV,테슬라"
31,서울특별시 강남구 삼성동,0,2,"SM3 Z.E,레이EV,소울EV,닛산리프,아이오닉EV,BMW i3,스파크EV,볼트EV,테슬라"
32,서울특별시 강남구 삼성동,0,1,"SM3 Z.E,레이EV,소울EV,닛산리프,아이오닉EV,BMW i3,스파크EV,볼트EV,테슬라"
33,서울특별시 강남구 삼성동,0,2,"SM3 Z.E,레이EV,소울EV,닛산리프,아이오닉EV,BMW i3,스파크EV,볼트EV,테슬라"
34,서울특별시 강남구 일원동,1,0,"SM3 Z.E,레이EV,소울EV,닛산리프,아이오닉EV,BMW i3,스파크EV,볼트EV,테슬라"
35,서울특별시 강남구 세곡동,0,3,"SM3 Z.E,레이EV,소울EV,닛산리프,아이오닉EV,BMW i3,스파크EV,볼트EV,테슬라"
36,서울특별시 강남구 세곡동,1,0,"SM3 Z.E,레이EV,소울EV,닛산리프,아이오닉EV,BMW i3,스파크EV,볼트EV,테슬라"
37,서울특별시 강남구 세곡동,1,1,"SM3 Z.E,레이EV,소울EV,닛산리프,아이오닉EV,BMW i3,스파크EV,볼트EV,테슬라"
38,서울특별시 강남구 세곡동,1,1,"SM3 Z.E,레이EV,소울EV,닛산리프,아이오닉EV,BMW i3,스파크EV,볼트EV,테슬라"
39,서울특별시 강남구 삼성동,1,0,"SM3 Z.E,레이EV,소울EV,닛산리프,아이오닉EV,BMW i3,스파크EV,볼트EV,테슬라"
40,서울특별시 강남구 논현동,1,2,"SM3 Z.E,레이EV,소울EV,닛산리프,아이오닉EV,BMW i3,스파크EV,볼트EV,테슬라"
41,서울특별시 강남구 신사동,0,2,"SM3 Z.E,레이EV,소울EV,닛산리프,아이오닉EV,BMW i3,스파크EV,볼트EV,테슬라"
42,서울특별시 강남구 역삼동,0,3,"SM3 Z.E,레이EV,소울EV,닛산리프,아이오닉EV,BMW i3,스파크EV,볼트EV,테슬라"
43,서울특별시 강남구 역삼동,1,3,"SM3 Z.E,레이EV,소울EV,닛산리프,아이오닉EV,BMW i3,스파크EV,볼트EV,테슬라"
44,서울특별시 강남구 역삼동,1,4,"SM3 Z.E,레이EV,소울EV,닛산리프,아이오닉EV,BMW i3,스파크EV,볼트EV,테슬라"
45,서울특별시 강남구 대치동,0,1,"SM3 Z.E,레이EV,소울EV,닛산리프,아이오닉EV,BMW i3,스파크EV,볼트EV,테슬라"
46,서울특별시 강남구 청담동,0,1,"SM3 Z.E,레이EV,소울EV,닛산리프,아이오닉EV,BMW i3,스파크EV,볼트EV,테슬라"
47,서울특별시 강남구 청담동,1,3,"SM3 Z.E,레이EV,소울EV,닛산리프,아이오닉EV,BMW i3,스파크EV,볼트EV,테슬라"
48,서울특별시 강남구 청담동,0,1,"SM3 Z.E,레이EV,소울EV,닛산리프,아이오닉EV,BMW i3,스파크EV,볼트EV,테슬라"
49,서울특별시 강남구 도곡동,1,1,"SM3 Z.E,레이EV,소울EV,닛산리프,아이오닉EV,BMW i3,스파크EV,볼트EV,테슬라"
50,서울특별시 강남구 도곡동,1,4,"SM3 Z.E,레이EV,소울EV,닛산리프,아이오닉EV,BMW i3,스파크EV,볼트EV,테슬라"
51,서울특별시 강남구 도곡동,1,2,"SM3 Z.E,레이EV,소울EV,닛산리프,아이오닉EV,BMW i3,스파크EV,볼트EV,테슬라"
52,서울특별시 강남구 율현동,1,0,"SM3 Z.E,레이EV,소울EV,닛산리프,아이오닉EV,BMW i3,스파크EV,볼트EV,테슬라"
53,서울특별시 강남구 역삼동,0,2,"SM3 Z.E,레이EV,소울EV,닛산리프,아이오닉EV,BMW i3,스파크EV,볼트EV,테슬라"
54,서울특별시 강남구 길동,1,2,"SM3 Z.E,레이EV,소울EV,닛산리프,아이오닉EV,BMW i3,스파크EV,볼트EV,테슬라"
55,서울특별시 강남구 성내동,1,0,"SM3 Z.E,테슬라"
56,서울특별시 강남구 둔촌동,1,3,"SM3 Z.E,레이EV,소울EV,닛산리프,아이오닉EV,BMW i3,스파크EV,볼트EV,테슬라"
57,서울특별시 강남구 상일동,2,0,"SM3 Z.E,테슬라"
58,서울특별시 강동구 천호동,1,2,"SM3 Z.E,레이EV,소울EV,닛산리프,아이오닉EV,BMW i3,스파크EV,볼트EV,테슬라"
59,서울특별시 강동구 강일동,1,0,"SM3 Z.E,레이EV,소울EV,닛산리프,아이오닉EV,BMW i3,스파크EV,볼트EV,테슬라"
60,서울특별시 강동구 강일동,1,0,"SM3 Z.E,레이EV,소울EV,닛산리프,아이오닉EV,BMW i3,스파크EV,볼트EV,테슬라"
61,서울특별시 강동구 강일동,0,1,"SM3 Z.E,레이EV,소울EV,닛산리프,아이오닉EV,BMW i3,스파크EV,볼트EV,테슬라"
62,서울특별시 강동구 강일동,1,1,"SM3 Z.E,레이EV,소울EV,닛산리프,아이오닉EV,BMW i3,스파크EV,볼트EV,테슬라"
63,서울특별시 강동구 강일동,1,3,"SM3 Z.E,레이EV,소울EV,닛산리프,아이오닉EV,BMW i3,스파크EV,볼트EV,테슬라"
64,서울특별시 강동구 강일동,1,3,"SM3 Z.E,레이EV,소울EV,닛산리프,아이오닉EV,BMW i3,스파크EV,볼트EV,테슬라"
65,서울특별시 강남구 성내동,0,2,"SM3 Z.E,레이EV,소울EV,닛산리프,아이오닉EV,BMW i3,스파크EV,볼트EV,테슬라"
66,서울특별시 강동구 강일동,0,2,"SM3 Z.E,레이EV,소울EV,닛산리프,아이오닉EV,BMW i3,스파크EV,볼트EV,테슬라"
67,서울특별시 강동구 강일동,2,6,"SM3 Z.E,레이EV,소울EV,닛산리프,아이오닉EV,BMW i3,스파크EV,볼트EV,테슬라"
68,서울특별시 강동구 고덕동,1,3,"SM3 Z.E,레이EV,소울EV,닛산리프,아이오닉EV,BMW i3,스파크EV,볼트EV,테슬라"
69,서울특별시 강남구 길동,1,2,"SM3 Z.E,레이EV,소울EV,닛산리프,아이오닉EV,BMW i3,스파크EV,볼트EV,테슬라"
70,서울특별시 강동구 천호동,0,2,"SM3 Z.E,레이EV,소울EV,닛산리프,아이오닉EV,BMW i3,스파크EV,볼트EV,테슬라"
71,서울특별시 강남구 둔촌동,1,3,"SM3 Z.E,레이EV,소울EV,닛산리프,아이오닉EV,BMW i3,스파크EV,볼트EV,테슬라"
72,서울특별시 강동구 명일동,2,0,"SM3 Z.E,레이EV,소울EV,닛산리프,아이오닉EV,BMW i3,스파크EV,볼트EV,테슬라"
73,서울특별시 강동구 명일동,1,0,"SM3 Z.E,레이EV,소울EV,닛산리프,아이오닉EV,BMW i3,스파크EV,볼트EV,테슬라"
74,서울특별시 강동구 명일동,0,2,"SM3 Z.E,레이EV,소울EV,닛산리프,아이오닉EV,BMW i3,스파크EV,볼트EV,테슬라"
75,서울특별시 강남구 성내동,0,2,"SM3 Z.E,레이EV,소울EV,닛산리프,아이오닉EV,BMW i3,스파크EV,볼트EV,테슬라"
76,서울특별시 강남구 성내동,0,1,"SM3 Z.E,레이EV,소울EV,닛산리프,아이오닉EV,BMW i3,스파크EV,볼트EV,테슬라"
77,서울특별시 강남구 성내동,1,4,"SM3 Z.E,레이EV,소울EV,닛산리프,아이오닉EV,BMW i3,스파크EV,볼트EV,테슬라"
78,서울특별시 강남구 둔촌동,1,2,"SM3 Z.E,레이EV,소울EV,닛산리프,아이오닉EV,BMW i3,스파크EV,볼트EV,테슬라"
79,서울특별시 강동구 암사동,0,1,"SM3 Z.E,레이EV,소울EV,닛산리프,아이오닉EV,BMW i3,스파크EV,볼트EV,테슬라"
80,서울특별시 강남구 둔촌동,0,1,"SM3 Z.E,레이EV,소울EV,닛산리프,아이오닉EV,BMW i3,스파크EV,볼트EV,테슬라"
81,서울특별시 강동구 천호동,2,0,"SM3 Z.E,레이EV,소울EV,닛산리프,아이오닉EV,BMW i3,스파크EV,볼트EV,테슬라"
82,서울특별시 강동구 천호동,2,0,"SM3 Z.E,테슬라"
83,서울특별시 강동구 암사동,0,1,"SM3 Z.E,레이EV,소울EV,닛산리프,아이오닉EV,BMW i3,스파크EV,볼트EV,테슬라"
84,서울특별시 강동구 천호동,1,2,"SM3 Z.E,레이EV,소울EV,닛산리프,아이오닉EV,BMW i3,스파크EV,볼트EV,테슬라"
85,서울특별시 강동구 천호동,3,0,"SM3 Z.E,레이EV,소울EV,닛산리프,아이오닉EV,BMW i3,스파크EV,볼트EV,테슬라"
86,서울특별시 강동구 천호동,1,0,"SM3 Z.E,레이EV,소울EV,닛산리프,아이오닉EV,BMW i3,스파크EV,볼트EV,테슬라"
87,서울특별시 강동구 암사동,0,5,"SM3 Z.E,레이EV,소울EV,닛산리프,아이오닉EV,BMW i3,스파크EV,볼트EV,테슬라"
88,서울특별시 강북구 수유동,1,0,"SM3 Z.E,테슬라"
89,서울특별시 강북구 미아동,0,7,"SM3 Z.E,레이EV,소울EV,닛산리프,아이오닉EV,BMW i3,스파크EV,볼트EV,테슬라"
90,서울특별시 강북구 미아동,6,2,"SM3 Z.E,레이EV,소울EV,닛산리프,아이오닉EV,BMW i3,스파크EV,볼트EV,테슬라"
91,서울특별시 강북구 미아동,1,1,"SM3 Z.E,레이EV,소울EV,닛산리프,아이오닉EV,BMW i3,스파크EV,볼트EV,테슬라"
92,서울특별시 강북구 미아동,1,2,"SM3 Z.E,레이EV,소울EV,닛산리프,아이오닉EV,BMW i3,스파크EV,볼트EV,테슬라"
93,서울특별시 강북구 미아동,0,2,"SM3 Z.E,레이EV,소울EV,닛산리프,아이오닉EV,BMW i3,스파크EV,볼트EV,테슬라"
94,서울특별시 강북구 번동,2,0,"SM3 Z.E,테슬라"
95,서울특별시 강북구 번동,1,0,"SM3 Z.E,레이EV,소울EV,닛산리프,아이오닉EV,BMW i3,스파크EV,볼트EV,테슬라"
96,서울특별시 강북구 번동,0,2,"SM3 Z.E,레이EV,소울EV,닛산리프,아이오닉EV,BMW i3,스파크EV,볼트EV,테슬라"
97,서울특별시 도봉구 창동,0,5,"SM3 Z.E,레이EV,소울EV,닛산리프,아이오닉EV,BMW i3,스파크EV,볼트EV,테슬라"
98,서울특별시 강서구 화곡동,1,0,"SM3 Z.E,테슬라"
99,서울특별시 강서구 가양동,1,1,"SM3 Z.E,레이EV,소울EV,닛산리프,아이오닉EV,BMW i3,스파크EV,볼트EV,테슬라"
100,서울특별시 강서구 마곡동,1,0,"SM3 Z.E,테슬라"
101,서울특별시 강서구 마곡동,1,2,"SM3 Z.E,레이EV,소울EV,닛산리프,아이오닉EV,BMW i3,스파크EV,볼트EV,테슬라"
102,서울특별시 강서구 내발산동,1,2,"SM3 Z.E,레이EV,소울EV,닛산리프,아이오닉EV,BMW i3,스파크EV,볼트EV,테슬라"
103,서울특별시 강서구 내발산동,1,1,"SM3 Z.E,레이EV,소울EV,닛산리프,아이오닉EV,BMW i3,스파크EV,볼트EV,테슬라"
104,서울특별시 강서구 내발산동,1,2,"SM3 Z.E,레이EV,소울EV,닛산리프,아이오닉EV,BMW i3,스파크EV,볼트EV,테슬라"
105,서울특별시 강서구 내발산동,1,1,"SM3 Z.E,레이EV,소울EV,닛산리프,아이오닉EV,BMW i3,스파크EV,볼트EV,테슬라"
106,서울특별시 강서구 내발산동,1,3,"SM3 Z.E,레이EV,소울EV,닛산리프,아이오닉EV,BMW i3,스파크EV,볼트EV,테슬라"
107,서울특별시 강서구 내발산동,0,1,"SM3 Z.E,레이EV,소울EV,닛산리프,아이오닉EV,BMW i3,스파크EV,볼트EV,테슬라"
108,서울특별시 강서구 마곡동,0,2,"SM3 Z.E,레이EV,소울EV,닛산리프,아이오닉EV,BMW i3,스파크EV,볼트EV,테슬라"
109,서울특별시 강서구 마곡동,0,3,"SM3 Z.E,레이EV,소울EV,닛산리프,아이오닉EV,BMW i3,스파크EV,볼트EV,테슬라"
110,서울특별시 강서구 마곡동,1,2,"SM3 Z.E,레이EV,소울EV,닛산리프,아이오닉EV,BMW i3,스파크EV,볼트EV,테슬라"
111,서울특별시 강서구 마곡동,1,4,"SM3 Z.E,레이EV,소울EV,닛산리프,아이오닉EV,BMW i3,스파크EV,볼트EV,테슬라"
112,서울특별시 강서구 마곡동,1,0,"SM3 Z.E,레이EV,소울EV,닛산리프,아이오닉EV,BMW i3,스파크EV,볼트EV,테슬라"
113,서울특별시 강서구 마곡동,1,3,"SM3 Z.E,레이EV,소울EV,닛산리프,아이오닉EV,BMW i3,스파크EV,볼트EV,테슬라"
114,서울특별시 강서구 등촌동,0,2,"SM3 Z.E,레이EV,소울EV,닛산리프,아이오닉EV,BMW i3,스파크EV,볼트EV,테슬라"
115,서울특별시 강서구 방화동,1,3,"SM3 Z.E,레이EV,소울EV,닛산리프,아이오닉EV,BMW i3,스파크EV,볼트EV,테슬라"
116,서울특별시 강서구 방화동,1,0,"SM3 Z.E,레이EV,소울EV,닛산리프,아이오닉EV,BMW i3,스파크EV,볼트EV,테슬라"
117,서울특별시 강서구 마곡동,1,0,"SM3 Z.E,테슬라"
118,서울특별시 도봉구 창동,0,1,"SM3 Z.E,레이EV,소울EV,닛산리프,아이오닉EV,BMW i3,스파크EV,볼트EV,테슬라"
119,서울특별시 강서구 과해동,1,0,"SM3 Z.E,테슬라"
120,서울특별시 강서구 방화동,4,0,"SM3 Z.E,레이EV,소울EV,닛산리프,아이오닉EV,BMW i3,스파크EV,볼트EV,테슬라"
121,서울특별시 강서구 등촌동,1,2,"SM3 Z.E,레이EV,소울EV,닛산리프,아이오닉EV,BMW i3,스파크EV,볼트EV,테슬라"
122,서울특별시 강서구 화곡동,1,0,"SM3 Z.E,레이EV,소울EV,닛산리프,아이오닉EV,BMW i3,스파크EV,볼트EV,테슬라"
123,서울특별시 관악구 봉천동,1,0,"SM3 Z.E,테슬라"
124,서울특별시 관악구 신림동,1,0,"SM3 Z.E,테슬라"
125,서울특별시 관악구 봉천동,1,1,"SM3 Z.E,레이EV,소울EV,닛산리프,아이오닉EV,BMW i3,스파크EV,볼트EV,테슬라"
126,서울특별시 관악구 신림동,1,0,"SM3 Z.E,레이EV,소울EV,닛산리프,아이오닉EV,BMW i3,스파크EV,볼트EV,테슬라"
127,서울특별시 관악구 봉천동,2,0,"SM3 Z.E,레이EV,소울EV,닛산리프,아이오닉EV,BMW i3,스파크EV,볼트EV,테슬라"
128,서울특별시 관악구 신림동,1,0,"SM3 Z.E,레이EV,소울EV,닛산리프,아이오닉EV,BMW i3,스파크EV,볼트EV,테슬라"
129,서울특별시 관악구 봉천동,1,2,"SM3 Z.E,레이EV,소울EV,닛산리프,아이오닉EV,BMW i3,스파크EV,볼트EV,테슬라"
130,서울특별시 관악구 봉천동,0,1,"레이EV,소울EV,닛산리프,아이오닉EV,BMW i3,스파크EV,볼트EV"
131,서울특별시 관악구 봉천동,1,1,"SM3 Z.E,레이EV,소울EV,닛산리프,아이오닉EV,BMW i3,스파크EV,볼트EV,테슬라"
132,서울특별시 관악구 신림동,0,1,"SM3 Z.E,레이EV,소울EV,닛산리프,아이오닉EV,BMW i3,스파크EV,볼트EV,테슬라"
133,서울특별시 관악구 신림동,0,3,"SM3 Z.E,레이EV,소울EV,닛산리프,아이오닉EV,BMW i3,스파크EV,볼트EV,테슬라"
134,서울특별시 관악구 신림동,0,2,"SM3 Z.E,레이EV,소울EV,닛산리프,아이오닉EV,BMW i3,스파크EV,볼트EV,테슬라"
135,서울특별시 관악구 신림동,0,2,"SM3 Z.E,레이EV,소울EV,닛산리프,아이오닉EV,BMW i3,스파크EV,볼트EV,테슬라"
136,서울특별시 관악구 신림동,1,2,"SM3 Z.E,레이EV,소울EV,닛산리프,아이오닉EV,BMW i3,스파크EV,볼트EV,테슬라"
137,서울특별시 관악구 봉천동,1,1,"SM3 Z.E,레이EV,소울EV,닛산리프,아이오닉EV,BMW i3,스파크EV,볼트EV,테슬라"
138,서울특별시 관악구 신림동,0,1,"SM3 Z.E,레이EV,소울EV,닛산리프,아이오닉EV,BMW i3,스파크EV,볼트EV,테슬라"
139,서울특별시 광진구 구의동,5,1,"SM3 Z.E,레이EV,소울EV,닛산리프,아이오닉EV,BMW i3,스파크EV,볼트EV,테슬라"
140,서울특별시 광진구 광장동,1,2,"SM3 Z.E,레이EV,소울EV,닛산리프,아이오닉EV,BMW i3,스파크EV,볼트EV,테슬라"
141,서울특별시 광진구 자양동,1,0,"SM3 Z.E,레이EV,소울EV,닛산리프,아이오닉EV,BMW i3,스파크EV,볼트EV,테슬라"
142,서울특별시 광진구 자양동,0,1,"SM3 Z.E,레이EV,소울EV,닛산리프,아이오닉EV,BMW i3,스파크EV,볼트EV,테슬라"
143,서울특별시 광진구 구의동,3,0,"SM3 Z.E,테슬라"
144,서울특별시 광진구 구의동,0,5,"SM3 Z.E,레이EV,소울EV,닛산리프,아이오닉EV,BMW i3,스파크EV,볼트EV,테슬라"
145,서울특별시 광진구 자양동,1,4,"SM3 Z.E,레이EV,소울EV,닛산리프,아이오닉EV,BMW i3,스파크EV,볼트EV,테슬라"
146,서울특별시 광진구 자양동,2,1,"SM3 Z.E,레이EV,소울EV,닛산리프,아이오닉EV,BMW i3,스파크EV,볼트EV,테슬라"
147,서울특별시 광진구 자양동,0,2,"SM3 Z.E,레이EV,소울EV,닛산리프,아이오닉EV,BMW i3,스파크EV,볼트EV,테슬라"
148,서울특별시 광진구 자양동,2,0,"SM3 Z.E,레이EV,소울EV,닛산리프,아이오닉EV,BMW i3,스파크EV,볼트EV,테슬라"
149,서울특별시 광진구 자양동,0,2,"SM3 Z.E,레이EV,소울EV,닛산리프,아이오닉EV,BMW i3,스파크EV,볼트EV,테슬라"
150,서울특별시 광진구 광장동,2,0,"SM3 Z.E,레이EV,소울EV,닛산리프,아이오닉EV,BMW i3,스파크EV,볼트EV,테슬라"
151,서울특별시 구로구 개봉동,0,2,"SM3 Z.E,레이EV,소울EV,닛산리프,아이오닉EV,BMW i3,스파크EV,볼트EV,테슬라"
152,서울특별시 구로구 개봉동,1,1,"SM3 Z.E,레이EV,소울EV,닛산리프,아이오닉EV,BMW i3,스파크EV,볼트EV,테슬라"
153,서울특별시 구로구 고척동,0,2,"SM3 Z.E,레이EV,소울EV,닛산리프,아이오닉EV,BMW i3,스파크EV,볼트EV,테슬라"
154,서울특별시 구로구 고척동,1,2,"SM3 Z.E,레이EV,소울EV,닛산리프,아이오닉EV,BMW i3,스파크EV,볼트EV,테슬라"
155,서울특별시 구로구 고척동,1,0,"SM3 Z.E,레이EV,소울EV,닛산리프,아이오닉EV,BMW i3,스파크EV,볼트EV,테슬라"
156,서울특별시 구로구 고척동,1,1,"SM3 Z.E,레이EV,소울EV,닛산리프,아이오닉EV,BMW i3,스파크EV,볼트EV,테슬라"
157,서울특별시 구로구 고척동,3,0,"SM3 Z.E,레이EV,소울EV,닛산리프,아이오닉EV,BMW i3,스파크EV,볼트EV,테슬라"
158,서울특별시 구로구 고척동,1,3,"SM3 Z.E,레이EV,소울EV,닛산리프,아이오닉EV,BMW i3,스파크EV,볼트EV,테슬라"
159,서울특별시 구로구 구로동,1,0,"SM3 Z.E,레이EV,소울EV,닛산리프,아이오닉EV,BMW i3,스파크EV,볼트EV,테슬라"
160,서울특별시 구로구 구로동,1,0,"SM3 Z.E,레이EV,소울EV,닛산리프,아이오닉EV,BMW i3,스파크EV,볼트EV,테슬라"
161,서울특별시 구로구 구로동,1,0,"SM3 Z.E,테슬라"
162,서울특별시 구로구 구로동,1,2,"SM3 Z.E,레이EV,소울EV,닛산리프,아이오닉EV,BMW i3,스파크EV,볼트EV,테슬라"
163,서울특별시 구로구 구로동,0,2,"SM3 Z.E,레이EV,소울EV,닛산리프,아이오닉EV,BMW i3,스파크EV,볼트EV,테슬라"
164,서울특별시 구로구 구로동,1,0,"SM3 Z.E,레이EV,소울EV,닛산리프,아이오닉EV,BMW i3,스파크EV,볼트EV,테슬라"
165,서울특별시 구로구 구로동,1,0,"SM3 Z.E,테슬라"
166,서울특별시 구로구 구로동,0,2,"SM3 Z.E,레이EV,소울EV,닛산리프,아이오닉EV,BMW i3,스파크EV,볼트EV,테슬라"
167,서울특별시 구로구 구로동,0,1,"SM3 Z.E,레이EV,소울EV,닛산리프,아이오닉EV,BMW i3,스파크EV,볼트EV,테슬라"
168,서울특별시 구로구 고척동,1,2,"SM3 Z.E,레이EV,소울EV,닛산리프,아이오닉EV,BMW i3,스파크EV,볼트EV,테슬라"
169,서울특별시 구로구 구로동,1,1,"SM3 Z.E,레이EV,소울EV,닛산리프,아이오닉EV,BMW i3,스파크EV,볼트EV,테슬라"
170,서울특별시 구로구 구로동,0,2,"SM3 Z.E,레이EV,소울EV,닛산리프,아이오닉EV,BMW i3,스파크EV,볼트EV,테슬라"
171,서울특별시 구로구 구로동,0,2,"SM3 Z.E,레이EV,소울EV,닛산리프,아이오닉EV,BMW i3,스파크EV,볼트EV,테슬라"
172,서울특별시 영등포구 도림동,0,3,"레이EV,소울EV,닛산리프,아이오닉EV,BMW i3,스파크EV,볼트EV"
173,서울특별시 영등포구 도림동,1,3,"SM3 Z.E,레이EV,소울EV,닛산리프,아이오닉EV,BMW i3,스파크EV,볼트EV,테슬라"
174,서울특별시 구로구 오류동,1,1,"SM3 Z.E,레이EV,소울EV,닛산리프,아이오닉EV,BMW i3,스파크EV,볼트EV,테슬라"
175,서울특별시 구로구 오류동,1,2,"SM3 Z.E,레이EV,소울EV,닛산리프,아이오닉EV,BMW i3,스파크EV,볼트EV,테슬라"
176,서울특별시 구로구 천왕동,1,3,"SM3 Z.E,레이EV,소울EV,닛산리프,아이오닉EV,BMW i3,스파크EV,볼트EV,테슬라"
177,서울특별시 구로구 천왕동,1,2,"SM3 Z.E,레이EV,소울EV,닛산리프,아이오닉EV,BMW i3,스파크EV,볼트EV,테슬라"
178,서울특별시 구로구 천왕동,1,3,"SM3 Z.E,레이EV,소울EV,닛산리프,아이오닉EV,BMW i3,스파크EV,볼트EV,테슬라"
179,서울특별시 구로구 가리봉동,1,0,"SM3 Z.E,테슬라"
180,서울특별시 구로구 항동,0,10,"SM3 Z.E,레이EV,소울EV,닛산리프,아이오닉EV,BMW i3,스파크EV,볼트EV,테슬라"
181,서울특별시 금천구 독산동,1,0,"SM3 Z.E,테슬라"
182,서울특별시 금천구 시흥동,1,0,"SM3 Z.E,레이EV,소울EV,닛산리프,아이오닉EV,BMW i3,스파크EV,볼트EV,테슬라"
183,서울특별시 금천구 시흥동,2,2,"SM3 Z.E,레이EV,소울EV,닛산리프,아이오닉EV,BMW i3,스파크EV,볼트EV,테슬라"
184,서울특별시 금천구 독산동,2,0,"SM3 Z.E,레이EV,소울EV,닛산리프,아이오닉EV,BMW i3,스파크EV,볼트EV,테슬라"
185,서울특별시 금천구 가산동,1,0,"SM3 Z.E,레이EV,소울EV,닛산리프,아이오닉EV,BMW i3,스파크EV,볼트EV,테슬라"
186,서울특별시 금천구 독산동,1,0,"SM3 Z.E,레이EV,소울EV,닛산리프,아이오닉EV,BMW i3,스파크EV,볼트EV,테슬라"
187,서울특별시 노원구 공릉동,1,0,"SM3 Z.E,레이EV,소울EV,닛산리프,아이오닉EV,BMW i3,스파크EV,볼트EV,테슬라"
188,서울특별시 노원구 공릉동,0,2,"SM3 Z.E,레이EV,소울EV,닛산리프,아이오닉EV,BMW i3,스파크EV,볼트EV,테슬라"
189,서울특별시 노원구 공릉동,0,1,"SM3 Z.E,레이EV,소울EV,닛산리프,아이오닉EV,BMW i3,스파크EV,볼트EV,테슬라"
190,서울특별시 노원구 공릉동,0,2,"SM3 Z.E,레이EV,소울EV,닛산리프,아이오닉EV,BMW i3,스파크EV,볼트EV,테슬라"
191,서울특별시 노원구 공릉동,0,2,"SM3 Z.E,레이EV,소울EV,닛산리프,아이오닉EV,BMW i3,스파크EV,볼트EV,테슬라"
192,서울특별시 노원구 공릉동,0,2,"SM3 Z.E,레이EV,소울EV,닛산리프,아이오닉EV,BMW i3,스파크EV,볼트EV,테슬라"
193,서울특별시 노원구 공릉동,0,2,"SM3 Z.E,레이EV,소울EV,닛산리프,아이오닉EV,BMW i3,스파크EV,볼트EV,테슬라"
194,서울특별시 노원구 공릉동,1,2,"SM3 Z.E,레이EV,소울EV,닛산리프,아이오닉EV,BMW i3,스파크EV,볼트EV,테슬라"
195,서울특별시 노원구 공릉동,1,2,"SM3 Z.E,레이EV,소울EV,닛산리프,아이오닉EV,BMW i3,스파크EV,볼트EV,테슬라"
196,서울특별시 노원구 상계동,1,0,"SM3 Z.E,레이EV,소울EV,닛산리프,아이오닉EV,BMW i3,스파크EV,볼트EV,테슬라"
197,서울특별시 노원구 상계동,1,4,"SM3 Z.E,테슬라"
198,서울특별시 노원구 상계동,0,2,"SM3 Z.E,레이EV,소울EV,닛산리프,아이오닉EV,BMW i3,스파크EV,볼트EV,테슬라"
199,서울특별시 노원구 공릉동,0,2,"SM3 Z.E,레이EV,소울EV,닛산리프,아이오닉EV,BMW i3,스파크EV,볼트EV,테슬라"
200,서울특별시 노원구 공릉동,0,2,"SM3 Z.E,레이EV,소울EV,닛산리프,아이오닉EV,BMW i3,스파크EV,볼트EV,테슬라"
201,서울특별시 노원구 공릉동,1,1,"SM3 Z.E,레이EV,소울EV,닛산리프,아이오닉EV,BMW i3,스파크EV,볼트EV,테슬라"
202,서울특별시 노원구 중계동,1,1,"SM3 Z.E,레이EV,소울EV,닛산리프,아이오닉EV,BMW i3,스파크EV,볼트EV,테슬라"
203,서울특별시 노원구 중계동,1,0,"SM3 Z.E,레이EV,소울EV,닛산리프,아이오닉EV,BMW i3,스파크EV,볼트EV,테슬라"
204,서울특별시 노원구 상계동,0,2,"SM3 Z.E,레이EV,소울EV,닛산리프,아이오닉EV,BMW i3,스파크EV,볼트EV,테슬라"
205,서울특별시 노원구 중계동,4,0,"SM3 Z.E,테슬라"
206,서울특별시 노원구 공릉동,2,0,"SM3 Z.E,레이EV,소울EV,닛산리프,아이오닉EV,BMW i3,스파크EV,볼트EV,테슬라"
207,서울특별시 노원구 상계동,1,2,"SM3 Z.E,레이EV,소울EV,닛산리프,아이오닉EV,BMW i3,스파크EV,볼트EV,테슬라"
208,서울특별시 노원구 상계동,1,2,"SM3 Z.E,레이EV,소울EV,닛산리프,아이오닉EV,BMW i3,스파크EV,볼트EV,테슬라"
209,서울특별시 노원구 상계동,1,2,"SM3 Z.E,레이EV,소울EV,닛산리프,아이오닉EV,BMW i3,스파크EV,볼트EV,테슬라"
210,서울특별시 노원구 상계동,2,0,"SM3 Z.E,레이EV,소울EV,닛산리프,아이오닉EV,BMW i3,스파크EV,볼트EV,테슬라"
211,서울특별시 노원구 상계동,1,1,"SM3 Z.E,레이EV,소울EV,닛산리프,아이오닉EV,BMW i3,스파크EV,볼트EV,테슬라"
212,서울특별시 노원구 공릉동,3,0,"SM3 Z.E,테슬라"
213,서울특별시 노원구 상계동,1,1,"SM3 Z.E,레이EV,소울EV,닛산리프,아이오닉EV,BMW i3,스파크EV,볼트EV,테슬라"
214,서울특별시 노원구 월계동,0,2,"SM3 Z.E,레이EV,소울EV,닛산리프,아이오닉EV,BMW i3,스파크EV,볼트EV,테슬라"
215,서울특별시 노원구 월계동,0,2,"SM3 Z.E,레이EV,소울EV,닛산리프,아이오닉EV,BMW i3,스파크EV,볼트EV,테슬라"
216,서울특별시 노원구 월계동,1,2,"SM3 Z.E,레이EV,소울EV,닛산리프,아이오닉EV,BMW i3,스파크EV,볼트EV,테슬라"
217,서울특별시 노원구 공릉동,1,2,"SM3 Z.E,레이EV,소울EV,닛산리프,아이오닉EV,BMW i3,스파크EV,볼트EV,테슬라"
218,서울특별시 노원구 중계동,1,1,"SM3 Z.E,레이EV,소울EV,닛산리프,아이오닉EV,BMW i3,스파크EV,볼트EV,테슬라"
219,서울특별시 노원구 중계동,2,0,"SM3 Z.E,레이EV,소울EV,닛산리프,아이오닉EV,BMW i3,스파크EV,볼트EV,테슬라"
220,서울특별시 노원구 중계동,1,2,"SM3 Z.E,레이EV,소울EV,닛산리프,아이오닉EV,BMW i3,스파크EV,볼트EV,테슬라"
221,서울특별시 노원구 상계동,1,0,"SM3 Z.E,레이EV,소울EV,닛산리프,아이오닉EV,BMW i3,스파크EV,볼트EV,테슬라"
222,서울특별시 노원구 중계동,0,2,"SM3 Z.E,레이EV,소울EV,닛산리프,아이오닉EV,BMW i3,스파크EV,볼트EV,테슬라"
223,서울특별시 노원구 중계동,1,3,"SM3 Z.E,레이EV,소울EV,닛산리프,아이오닉EV,BMW i3,스파크EV,볼트EV,테슬라"
224,서울특별시 노원구 중계동,0,1,"SM3 Z.E,레이EV,소울EV,닛산리프,아이오닉EV,BMW i3,스파크EV,볼트EV,테슬라"
225,서울특별시 노원구 하계동,1,4,"SM3 Z.E,레이EV,소울EV,닛산리프,아이오닉EV,BMW i3,스파크EV,볼트EV,테슬라"
226,서울특별시 노원구 공릉동,1,0,"SM3 Z.E,테슬라"
227,서울특별시 노원구 중계동,0,2,"SM3 Z.E,레이EV,소울EV,닛산리프,아이오닉EV,BMW i3,스파크EV,볼트EV,테슬라"
228,서울특별시 노원구 공릉동,1,2,"SM3 Z.E,레이EV,소울EV,닛산리프,아이오닉EV,BMW i3,스파크EV,볼트EV,테슬라"
229,서울특별시 도봉구 방학동,1,2,"SM3 Z.E,레이EV,소울EV,닛산리프,아이오닉EV,BMW i3,스파크EV,볼트EV,테슬라"
230,서울특별시 도봉구 방학동,1,0,"SM3 Z.E,테슬라"
231,서울특별시 도봉구 창동,1,0,"SM3 Z.E,레이EV,소울EV,닛산리프,아이오닉EV,BMW i3,스파크EV,볼트EV,테슬라"
232,서울특별시 도봉구 방학동,1,0,"SM3 Z.E,레이EV,소울EV,닛산리프,아이오닉EV,BMW i3,스파크EV,볼트EV,테슬라"
233,서울특별시 도봉구 도봉동,2,0,"SM3 Z.E,레이EV,소울EV,닛산리프,아이오닉EV,BMW i3,스파크EV,볼트EV,테슬라"
234,서울특별시 도봉구 도봉동,1,1,"SM3 Z.E,레이EV,소울EV,닛산리프,아이오닉EV,BMW i3,스파크EV,볼트EV,테슬라"
235,서울특별시 도봉구 창동,2,3,"SM3 Z.E,레이EV,소울EV,닛산리프,아이오닉EV,BMW i3,스파크EV,볼트EV,테슬라"
236,서울특별시 도봉구 방학동,1,0,"SM3 Z.E,테슬라"
237,서울특별시 도봉구 방학동,1,2,"SM3 Z.E,레이EV,소울EV,닛산리프,아이오닉EV,BMW i3,스파크EV,볼트EV,테슬라"
238,서울특별시 도봉구 방학동,0,2,"SM3 Z.E,레이EV,소울EV,닛산리프,아이오닉EV,BMW i3,스파크EV,볼트EV,테슬라"
239,서울특별시 도봉구 방학동,1,0,"SM3 Z.E,레이EV,소울EV,닛산리프,아이오닉EV,BMW i3,스파크EV,볼트EV,테슬라"
240,서울특별시 도봉구 방학동,0,2,"SM3 Z.E,레이EV,소울EV,닛산리프,아이오닉EV,BMW i3,스파크EV,볼트EV,테슬라"
241,서울특별시 도봉구 방학동,0,2,"SM3 Z.E,레이EV,소울EV,닛산리프,아이오닉EV,BMW i3,스파크EV,볼트EV,테슬라"
242,서울특별시 도봉구 방학동,1,3,"SM3 Z.E,레이EV,소울EV,닛산리프,아이오닉EV,BMW i3,스파크EV,볼트EV,테슬라"
243,서울특별시 도봉구 쌍문동,1,2,"SM3 Z.E,레이EV,소울EV,닛산리프,아이오닉EV,BMW i3,스파크EV,볼트EV,테슬라"
244,서울특별시 도봉구 도봉동,1,2,"SM3 Z.E,레이EV,소울EV,닛산리프,아이오닉EV,BMW i3,스파크EV,볼트EV,테슬라"
245,서울특별시 도봉구 방학동,0,1,"SM3 Z.E,레이EV,소울EV,닛산리프,아이오닉EV,BMW i3,스파크EV,볼트EV,테슬라"
246,서울특별시 도봉구 쌍문동,0,2,"SM3 Z.E,레이EV,소울EV,닛산리프,아이오닉EV,BMW i3,스파크EV,볼트EV,테슬라"
247,서울특별시 도봉구 방학동,1,3,"SM3 Z.E,레이EV,소울EV,닛산리프,아이오닉EV,BMW i3,스파크EV,볼트EV,테슬라"
248,서울특별시 도봉구 창동,1,0,"SM3 Z.E,테슬라"
249,서울특별시 도봉구 창동,1,2,"SM3 Z.E,레이EV,소울EV,닛산리프,아이오닉EV,BMW i3,스파크EV,볼트EV,테슬라"
250,서울특별시 도봉구 창동,0,2,"SM3 Z.E,레이EV,소울EV,닛산리프,아이오닉EV,BMW i3,스파크EV,볼트EV,테슬라"
251,서울특별시 도봉구 창동,0,2,"SM3 Z.E,레이EV,소울EV,닛산리프,아이오닉EV,BMW i3,스파크EV,볼트EV,테슬라"
252,서울특별시 도봉구 창동,1,0,"SM3 Z.E,레이EV,소울EV,닛산리프,아이오닉EV,BMW i3,스파크EV,볼트EV,테슬라"
253,서울특별시 도봉구 창동,1,0,"SM3 Z.E,레이EV,소울EV,닛산리프,아이오닉EV,BMW i3,스파크EV,볼트EV,테슬라"
254,서울특별시 도봉구 창동,1,0,"SM3 Z.E,레이EV,소울EV,닛산리프,아이오닉EV,BMW i3,스파크EV,볼트EV,테슬라"
255,서울특별시 도봉구 창동,2,2,"SM3 Z.E,레이EV,소울EV,닛산리프,아이오닉EV,BMW i3,스파크EV,볼트EV,테슬라"
256,서울특별시 도봉구 창동,1,1,"SM3 Z.E,레이EV,소울EV,닛산리프,아이오닉EV,BMW i3,스파크EV,볼트EV,테슬라"
257,서울특별시 도봉구 창동,0,1,"SM3 Z.E,레이EV,소울EV,닛산리프,아이오닉EV,BMW i3,스파크EV,볼트EV,테슬라"
258,서울특별시 도봉구 쌍문동,1,0,"SM3 Z.E,레이EV,소울EV,닛산리프,아이오닉EV,BMW i3,스파크EV,볼트EV,테슬라"
259,서울특별시 도봉구 창동,1,0,"SM3 Z.E,레이EV,소울EV,닛산리프,아이오닉EV,BMW i3,스파크EV,볼트EV,테슬라"
260,서울특별시 도봉구 방학동,0,2,"SM3 Z.E,레이EV,소울EV,닛산리프,아이오닉EV,BMW i3,스파크EV,볼트EV,테슬라"
261,서울특별시 동대문구 답십리동,1,2,"SM3 Z.E,레이EV,소울EV,닛산리프,아이오닉EV,BMW i3,스파크EV,볼트EV,테슬라"
262,서울특별시 동대문구 답십리동,1,2,"SM3 Z.E,레이EV,소울EV,닛산리프,아이오닉EV,BMW i3,스파크EV,볼트EV,테슬라"
263,서울특별시 동대문구 휘경동,1,0,"SM3 Z.E,레이EV,소울EV,닛산리프,아이오닉EV,BMW i3,스파크EV,볼트EV,테슬라"
264,서울특별시 동대문구 답십리동,1,2,"SM3 Z.E,레이EV,소울EV,닛산리프,아이오닉EV,BMW i3,스파크EV,볼트EV,테슬라"
265,서울특별시 동대문구 휘경동,2,0,"SM3 Z.E,레이EV,소울EV,닛산리프,아이오닉EV,BMW i3,스파크EV,볼트EV,테슬라"
266,서울특별시 동대문구 휘경동,1,0,"SM3 Z.E,레이EV,소울EV,닛산리프,아이오닉EV,BMW i3,스파크EV,볼트EV,테슬라"
267,서울특별시 동대문구 이문동,1,2,"SM3 Z.E,레이EV,소울EV,닛산리프,아이오닉EV,BMW i3,스파크EV,볼트EV,테슬라"
268,서울특별시 동대문구 장안동,1,2,"SM3 Z.E,레이EV,소울EV,닛산리프,아이오닉EV,BMW i3,스파크EV,볼트EV,테슬라"
269,서울특별시 동대문구 전농동,2,0,"SM3 Z.E,레이EV,소울EV,닛산리프,아이오닉EV,BMW i3,스파크EV,볼트EV,테슬라"
270,서울특별시 동대문구 전농동,2,0,"SM3 Z.E,테슬라"
271,서울특별시 동대문구 답십리동,1,1,"SM3 Z.E,레이EV,소울EV,닛산리프,아이오닉EV,BMW i3,스파크EV,볼트EV,테슬라"
272,서울특별시 동대문구 회기동,2,0,"SM3 Z.E,레이EV,소울EV,닛산리프,아이오닉EV,BMW i3,스파크EV,볼트EV,테슬라"
273,서울특별시 동대문구 휘경동,1,1,"SM3 Z.E,레이EV,소울EV,닛산리프,아이오닉EV,BMW i3,스파크EV,볼트EV,테슬라"
274,서울특별시 동대문구 휘경동,1,4,"SM3 Z.E,레이EV,소울EV,닛산리프,아이오닉EV,BMW i3,스파크EV,볼트EV,테슬라"
275,서울특별시 동대문구 답십리동,1,0,"SM3 Z.E,레이EV,소울EV,닛산리프,아이오닉EV,BMW i3,스파크EV,볼트EV,테슬라"
276,서울특별시 동작구 사당동,1,5,"SM3 Z.E,레이EV,소울EV,닛산리프,아이오닉EV,BMW i3,스파크EV,볼트EV,테슬라"
277,서울특별시 동작구 대방동,1,2,"SM3 Z.E,레이EV,소울EV,닛산리프,아이오닉EV,BMW i3,스파크EV,볼트EV,테슬라"
278,서울특별시 동작구 대방동,1,0,"SM3 Z.E,테슬라"
279,서울특별시 동작구 상도동,0,1,"SM3 Z.E,레이EV,소울EV,닛산리프,아이오닉EV,BMW i3,스파크EV,볼트EV,테슬라"
280,서울특별시 동작구 대방동,1,3,"SM3 Z.E,레이EV,소울EV,닛산리프,아이오닉EV,BMW i3,스파크EV,볼트EV,테슬라"
281,서울특별시 동작구 대방동,1,1,"SM3 Z.E,레이EV,소울EV,닛산리프,아이오닉EV,BMW i3,스파크EV,볼트EV,테슬라"
282,서울특별시 동작구 대방동,0,2,"SM3 Z.E,레이EV,소울EV,닛산리프,아이오닉EV,BMW i3,스파크EV,볼트EV,테슬라"
283,서울특별시 동작구 상도동,1,0,"SM3 Z.E,테슬라"
284,서울특별시 동작구 사당동,1,1,"SM3 Z.E,레이EV,소울EV,닛산리프,아이오닉EV,BMW i3,스파크EV,볼트EV,테슬라"
285,서울특별시 동작구 상도동,0,1,"SM3 Z.E,레이EV,소울EV,닛산리프,아이오닉EV,BMW i3,스파크EV,볼트EV,테슬라"
286,서울특별시 동작구 상도동,1,1,"SM3 Z.E,레이EV,소울EV,닛산리프,아이오닉EV,BMW i3,스파크EV,볼트EV,테슬라"
287,서울특별시 동작구 상도동,1,1,"SM3 Z.E,레이EV,소울EV,닛산리프,아이오닉EV,BMW i3,스파크EV,볼트EV,테슬라"
288,서울특별시 동작구 대방동,1,0,"SM3 Z.E,레이EV,소울EV,닛산리프,아이오닉EV,BMW i3,스파크EV,볼트EV,테슬라"
289,서울특별시 동작구 대방동,0,2,"SM3 Z.E,레이EV,소울EV,닛산리프,아이오닉EV,BMW i3,스파크EV,볼트EV,테슬라"
290,서울특별시 동작구 대방동,1,1,"SM3 Z.E,레이EV,소울EV,닛산리프,아이오닉EV,BMW i3,스파크EV,볼트EV,테슬라"
291,서울특별시 동작구 사당동,1,1,"SM3 Z.E,레이EV,소울EV,닛산리프,아이오닉EV,BMW i3,스파크EV,볼트EV,테슬라"
292,서울특별시 동작구 흑석동,1,3,"SM3 Z.E,레이EV,소울EV,닛산리프,아이오닉EV,BMW i3,스파크EV,볼트EV,테슬라"
293,서울특별시 동작구 상도동,1,1,"SM3 Z.E,레이EV,소울EV,닛산리프,아이오닉EV,BMW i3,스파크EV,볼트EV,테슬라"
294,서울특별시 마포구 용강동,1,3,"SM3 Z.E,레이EV,소울EV,닛산리프,아이오닉EV,BMW i3,스파크EV,볼트EV,테슬라"
295,서울특별시 마포구 공덕동,0,2,"SM3 Z.E,레이EV,소울EV,닛산리프,아이오닉EV,BMW i3,스파크EV,볼트EV,테슬라"
296,서울특별시 마포구 연남동,0,1,"SM3 Z.E,레이EV,소울EV,닛산리프,아이오닉EV,BMW i3,스파크EV,볼트EV,테슬라"
297,서울특별시 마포구 용강동,1,3,"SM3 Z.E,레이EV,소울EV,닛산리프,아이오닉EV,BMW i3,스파크EV,볼트EV,테슬라"
298,서울특별시 마포구 상수동,1,2,"SM3 Z.E,레이EV,소울EV,닛산리프,아이오닉EV,BMW i3,스파크EV,볼트EV,테슬라"
299,서울특별시 마포구 상수동,1,3,"SM3 Z.E,레이EV,소울EV,닛산리프,아이오닉EV,BMW i3,스파크EV,볼트EV,테슬라"
300,서울특별시 마포구 공덕동,0,1,"SM3 Z.E,레이EV,소울EV,닛산리프,아이오닉EV,BMW i3,스파크EV,볼트EV,테슬라"
301,서울특별시 마포구 용강동,0,2,"SM3 Z.E,레이EV,소울EV,닛산리프,아이오닉EV,BMW i3,스파크EV,볼트EV,테슬라"
302,서울특별시 마포구 도화동,1,1,"SM3 Z.E,레이EV,소울EV,닛산리프,아이오닉EV,BMW i3,스파크EV,볼트EV,테슬라"
303,서울특별시 마포구 아현동,1,3,"SM3 Z.E,레이EV,소울EV,닛산리프,아이오닉EV,BMW i3,스파크EV,볼트EV,테슬라"
304,서울특별시 마포구 아현동,1,4,"SM3 Z.E,레이EV,소울EV,닛산리프,아이오닉EV,BMW i3,스파크EV,볼트EV,테슬라"
305,서울특별시 마포구 아현동,1,3,"SM3 Z.E,레이EV,소울EV,닛산리프,아이오닉EV,BMW i3,스파크EV,볼트EV,테슬라"
306,서울특별시 마포구 아현동,1,4,"SM3 Z.E,레이EV,소울EV,닛산리프,아이오닉EV,BMW i3,스파크EV,볼트EV,테슬라"
307,서울특별시 마포구 도화동,2,5,"SM3 Z.E,레이EV,소울EV,닛산리프,아이오닉EV,BMW i3,스파크EV,볼트EV,테슬라"
308,서울특별시 마포구 대흥동,1,0,"SM3 Z.E,레이EV,소울EV,닛산리프,아이오닉EV,BMW i3,스파크EV,볼트EV,테슬라"
309,서울특별시 마포구 성산동,2,0,"SM3 Z.E,레이EV,소울EV,닛산리프,아이오닉EV,BMW i3,스파크EV,볼트EV,테슬라"
310,서울특별시 마포구 아현동,0,2,"SM3 Z.E,레이EV,소울EV,닛산리프,아이오닉EV,BMW i3,스파크EV,볼트EV,테슬라"
311,서울특별시 마포구 합정동,0,5,"SM3 Z.E,레이EV,소울EV,닛산리프,아이오닉EV,BMW i3,스파크EV,볼트EV,테슬라"
312,서울특별시 마포구 합정동,0,3,"레이EV,소울EV,닛산리프,아이오닉EV,BMW i3,스파크EV,볼트EV"
313,서울특별시 마포구 서교동,1,3,"SM3 Z.E,레이EV,소울EV,닛산리프,아이오닉EV,BMW i3,스파크EV,볼트EV,테슬라"
314,서울특별시 마포구 공덕동,0,2,"SM3 Z.E,레이EV,소울EV,닛산리프,아이오닉EV,BMW i3,스파크EV,볼트EV,테슬라"
315,서울특별시 마포구 성산동,7,3,"SM3 Z.E,레이EV,소울EV,닛산리프,아이오닉EV,BMW i3,스파크EV,볼트EV,테슬라"
316,서울특별시 마포구 상암동,1,2,"SM3 Z.E,레이EV,소울EV,닛산리프,아이오닉EV,BMW i3,스파크EV,볼트EV,테슬라"
317,서울특별시 마포구 공덕동,1,0,"SM3 Z.E,테슬라"
318,서울특별시 마포구 공덕동,1,0,"SM3 Z.E,테슬라"
319,서울특별시 마포구 도화동,0,2,"SM3 Z.E,레이EV,소울EV,닛산리프,아이오닉EV,BMW i3,스파크EV,볼트EV,테슬라"
320,서울특별시 마포구 공덕동,0,2,"SM3 Z.E,레이EV,소울EV,닛산리프,아이오닉EV,BMW i3,스파크EV,볼트EV,테슬라"
321,서울특별시 마포구 노고산동,1,1,"SM3 Z.E,레이EV,소울EV,닛산리프,아이오닉EV,BMW i3,스파크EV,볼트EV,테슬라"
322,서울특별시 마포구 마포동,1,0,"SM3 Z.E,레이EV,소울EV,닛산리프,아이오닉EV,BMW i3,스파크EV,볼트EV,테슬라"
323,서울특별시 마포구 합정동,0,2,"SM3 Z.E,레이EV,소울EV,닛산리프,아이오닉EV,BMW i3,스파크EV,볼트EV,테슬라"
324,서울특별시 마포구 창전동,1,0,"SM3 Z.E,레이EV,소울EV,닛산리프,아이오닉EV,BMW i3,스파크EV,볼트EV,테슬라"
325,서울특별시 마포구 토정동,1,1,"SM3 Z.E,레이EV,소울EV,닛산리프,아이오닉EV,BMW i3,스파크EV,볼트EV,테슬라"
326,서울특별시 서대문구 북가좌동,1,4,"SM3 Z.E,레이EV,소울EV,닛산리프,아이오닉EV,BMW i3,스파크EV,볼트EV,테슬라"
327,서울특별시 서대문구 남가좌동,0,6,"SM3 Z.E,레이EV,소울EV,닛산리프,아이오닉EV,BMW i3,스파크EV,볼트EV,테슬라"
328,서울특별시 서대문구 북가좌동,1,0,"SM3 Z.E,레이EV,소울EV,닛산리프,아이오닉EV,BMW i3,스파크EV,볼트EV,테슬라"
329,서울특별시 서대문구 남가좌동,1,1,"SM3 Z.E,레이EV,소울EV,닛산리프,아이오닉EV,BMW i3,스파크EV,볼트EV,테슬라"
330,서울특별시 서대문구 냉천동,1,1,"SM3 Z.E,레이EV,소울EV,닛산리프,아이오닉EV,BMW i3,스파크EV,볼트EV,테슬라"
331,서울특별시 서대문구 홍제동,0,1,"SM3 Z.E,레이EV,소울EV,닛산리프,아이오닉EV,BMW i3,스파크EV,볼트EV,테슬라"
332,서울특별시 서대문구 홍제동,3,0,"SM3 Z.E,테슬라"
333,서울특별시 서대문구 신촌동,3,0,"SM3 Z.E,테슬라"
334,서울특별시 서대문구 신촌동,2,0,"SM3 Z.E,테슬라"
335,서울특별시 서대문구 연희동,0,3,"SM3 Z.E,레이EV,소울EV,닛산리프,아이오닉EV,BMW i3,스파크EV,볼트EV,테슬라"
336,서울특별시 서대문구 연희동,1,0,"SM3 Z.E,테슬라"
337,서울특별시 서대문구 연희동,1,0,"SM3 Z.E,레이EV,소울EV,닛산리프,아이오닉EV,BMW i3,스파크EV,볼트EV,테슬라"
338,서울특별시 서대문구 홍제동,0,2,"SM3 Z.E,레이EV,소울EV,닛산리프,아이오닉EV,BMW i3,스파크EV,볼트EV,테슬라"
339,서울특별시 서대문구 홍은동,1,0,"SM3 Z.E,레이EV,소울EV,닛산리프,아이오닉EV,BMW i3,스파크EV,볼트EV,테슬라"
340,서울특별시 서초구 우면동,0,2,"SM3 Z.E,레이EV,소울EV,닛산리프,아이오닉EV,BMW i3,스파크EV,볼트EV,테슬라"
341,서울특별시 서초구 우면동,1,2,"SM3 Z.E,레이EV,소울EV,닛산리프,아이오닉EV,BMW i3,스파크EV,볼트EV,테슬라"
342,서울특별시 서초구 서초동,0,1,"SM3 Z.E,레이EV,소울EV,닛산리프,아이오닉EV,BMW i3,스파크EV,볼트EV,테슬라"
343,서울특별시 서초구 양재동,1,0,"SM3 Z.E,테슬라"
344,서울특별시 서초구 반포동,2,0,"SM3 Z.E,테슬라"
345,서울특별시 서초구 우면동,1,0,"SM3 Z.E,레이EV,소울EV,닛산리프,아이오닉EV,BMW i3,스파크EV,볼트EV,테슬라"
346,서울특별시 서초구 염곡동,2,0,"SM3 Z.E,테슬라"
347,서울특별시 서초구 양재동,1,0,"SM3 Z.E,테슬라"
348,서울특별시 서초구 서초동,0,2,"SM3 Z.E,레이EV,소울EV,닛산리프,아이오닉EV,BMW i3,스파크EV,볼트EV,테슬라"
349,서울특별시 서초구 서초동,1,2,"SM3 Z.E,레이EV,소울EV,닛산리프,아이오닉EV,BMW i3,스파크EV,볼트EV,테슬라"
350,서울특별시 서초구 방배동,1,2,"SM3 Z.E,레이EV,소울EV,닛산리프,아이오닉EV,BMW i3,스파크EV,볼트EV,테슬라"
351,서울특별시 서초구 방배동,0,2,"SM3 Z.E,레이EV,소울EV,닛산리프,아이오닉EV,BMW i3,스파크EV,볼트EV,테슬라"
352,서울특별시 서초구 반포동,1,0,"SM3 Z.E,테슬라"
353,서울특별시 서초구 반포동,1,4,"SM3 Z.E,레이EV,소울EV,닛산리프,아이오닉EV,BMW i3,스파크EV,볼트EV,테슬라"
354,서울특별시 서초구 반포동,1,0,"SM3 Z.E,레이EV,소울EV,닛산리프,아이오닉EV,BMW i3,스파크EV,볼트EV,테슬라"
355,서울특별시 서초구 방배동,0,2,"SM3 Z.E,레이EV,소울EV,닛산리프,아이오닉EV,BMW i3,스파크EV,볼트EV,테슬라"
356,서울특별시 서초구 방배동,0,2,"SM3 Z.E,레이EV,소울EV,닛산리프,아이오닉EV,BMW i3,스파크EV,볼트EV,테슬라"
357,서울특별시 서초구 방배동,0,2,"SM3 Z.E,레이EV,소울EV,닛산리프,아이오닉EV,BMW i3,스파크EV,볼트EV,테슬라"
358,서울특별시 서초구 방배동,0,6,"SM3 Z.E,레이EV,소울EV,닛산리프,아이오닉EV,BMW i3,스파크EV,볼트EV,테슬라"
359,서울특별시 서초구 방배동,0,2,"SM3 Z.E,레이EV,소울EV,닛산리프,아이오닉EV,BMW i3,스파크EV,볼트EV,테슬라"
360,서울특별시 서초구 방배동,1,0,"SM3 Z.E,테슬라"
361,서울특별시 서초구 반포동,0,2,"SM3 Z.E,레이EV,소울EV,닛산리프,아이오닉EV,BMW i3,스파크EV,볼트EV,테슬라"
362,서울특별시 서초구 내곡동,1,0,"SM3 Z.E,레이EV,소울EV,닛산리프,아이오닉EV,BMW i3,스파크EV,볼트EV,테슬라"
363,서울특별시 서초구 서초동,0,3,"SM3 Z.E,레이EV,소울EV,닛산리프,아이오닉EV,BMW i3,스파크EV,볼트EV,테슬라"
364,서울특별시 서초구 서초동,0,1,"SM3 Z.E,레이EV,소울EV,닛산리프,아이오닉EV,BMW i3,스파크EV,볼트EV,테슬라"
365,서울특별시 서초구 우면동,0,2,"SM3 Z.E,레이EV,소울EV,닛산리프,아이오닉EV,BMW i3,스파크EV,볼트EV,테슬라"
366,서울특별시 서초구 우면동,1,2,"SM3 Z.E,레이EV,소울EV,닛산리프,아이오닉EV,BMW i3,스파크EV,볼트EV,테슬라"
367,서울특별시 서초구 우면동,0,2,"SM3 Z.E,레이EV,소울EV,닛산리프,아이오닉EV,BMW i3,스파크EV,볼트EV,테슬라"
368,서울특별시 서초구 내곡동,1,4,"SM3 Z.E,레이EV,소울EV,닛산리프,아이오닉EV,BMW i3,스파크EV,볼트EV,테슬라"
369,서울특별시 서초구 서초동,0,1,"SM3 Z.E,레이EV,소울EV,닛산리프,아이오닉EV,BMW i3,스파크EV,볼트EV,테슬라"
370,서울특별시 서초구 서초동,0,2,"SM3 Z.E,레이EV,소울EV,닛산리프,아이오닉EV,BMW i3,스파크EV,볼트EV,테슬라"
371,서울특별시 서초구 서초동,0,2,"SM3 Z.E,레이EV,소울EV,닛산리프,아이오닉EV,BMW i3,스파크EV,볼트EV,테슬라"
372,서울특별시 서초구 서초동,0,2,"SM3 Z.E,레이EV,소울EV,닛산리프,아이오닉EV,BMW i3,스파크EV,볼트EV,테슬라"
373,서울특별시 서초구 서초동,0,2,"SM3 Z.E,레이EV,소울EV,닛산리프,아이오닉EV,BMW i3,스파크EV,볼트EV,테슬라"
374,서울특별시 서초구 서초동,6,7,"SM3 Z.E,레이EV,소울EV,닛산리프,아이오닉EV,BMW i3,스파크EV,볼트EV,테슬라"
375,서울특별시 서초구 신원동,1,3,"SM3 Z.E,레이EV,소울EV,닛산리프,아이오닉EV,BMW i3,스파크EV,볼트EV,테슬라"
376,서울특별시 서초구 우면동,1,2,"SM3 Z.E,레이EV,소울EV,닛산리프,아이오닉EV,BMW i3,스파크EV,볼트EV,테슬라"
377,서울특별시 서초구 우면동,1,3,"SM3 Z.E,레이EV,소울EV,닛산리프,아이오닉EV,BMW i3,스파크EV,볼트EV,테슬라"
378,서울특별시 서초구 반포동,2,0,"SM3 Z.E,테슬라"
379,서울특별시 서초구 반포동,0,1,"SM3 Z.E,레이EV,소울EV,닛산리프,아이오닉EV,BMW i3,스파크EV,볼트EV,테슬라"
380,서울특별시 서초구 양재동,0,4,"SM3 Z.E,레이EV,소울EV,닛산리프,아이오닉EV,BMW i3,스파크EV,볼트EV,테슬라"
381,서울특별시 서초구 양재동,4,0,"SM3 Z.E,테슬라"
382,서울특별시 서초구 서초동,1,0,"SM3 Z.E,레이EV,소울EV,닛산리프,아이오닉EV,BMW i3,스파크EV,볼트EV,테슬라"
383,서울특별시 서초구 서초동,1,0,"SM3 Z.E,레이EV,소울EV,닛산리프,아이오닉EV,BMW i3,스파크EV,볼트EV,테슬라"
384,서울특별시 서초구 잠원동,1,0,"SM3 Z.E,테슬라"
385,서울특별시 서초구 잠원동,1,0,"SM3 Z.E,테슬라"
386,서울특별시 서초구 염곡동,2,0,"SM3 Z.E,테슬라"
387,서울특별시 서초구 서초동,0,1,"SM3 Z.E,레이EV,소울EV,닛산리프,아이오닉EV,BMW i3,스파크EV,볼트EV,테슬라"
388,서울특별시 서초구 방배동,0,2,"레이EV,소울EV,닛산리프,아이오닉EV,BMW i3,스파크EV,볼트EV"
389,서울특별시 서초구 방배동,0,2,"레이EV,소울EV,닛산리프,아이오닉EV,BMW i3,스파크EV,볼트EV"
390,서울특별시 서초구 금호동1가,1,3,"SM3 Z.E,레이EV,소울EV,닛산리프,아이오닉EV,BMW i3,스파크EV,볼트EV,테슬라"
391,서울특별시 성동구 마장동,1,7,"SM3 Z.E,레이EV,소울EV,닛산리프,아이오닉EV,BMW i3,스파크EV,볼트EV,테슬라"
392,서울특별시 서초구 금호동4가,1,0,"SM3 Z.E,테슬라"
393,서울특별시 성동구 금호동2가,1,2,"SM3 Z.E,레이EV,소울EV,닛산리프,아이오닉EV,BMW i3,스파크EV,볼트EV,테슬라"
394,서울특별시 성동구 성수동1가,11,0,"SM3 Z.E,테슬라"
395,서울특별시 성동구 응봉동,1,2,"SM3 Z.E,레이EV,소울EV,닛산리프,아이오닉EV,BMW i3,스파크EV,볼트EV,테슬라"
396,서울특별시 성동구 용답동,2,0,"SM3 Z.E,레이EV,소울EV,닛산리프,아이오닉EV,BMW i3,스파크EV,볼트EV,테슬라"
397,서울특별시 성동구 성수동1가,2,0,"SM3 Z.E,레이EV,소울EV,닛산리프,아이오닉EV,BMW i3,스파크EV,볼트EV,테슬라"
398,서울특별시 성동구 성수동2가,6,0,"SM3 Z.E,테슬라"
399,서울특별시 서초구 금호동4가,1,0,"SM3 Z.E,레이EV,소울EV,닛산리프,아이오닉EV,BMW i3,스파크EV,볼트EV,테슬라"
400,서울특별시 성동구 성수동1가,0,2,"SM3 Z.E,레이EV,소울EV,닛산리프,아이오닉EV,BMW i3,스파크EV,볼트EV,테슬라"
401,서울특별시 성동구 성수동2가,1,2,"SM3 Z.E,레이EV,소울EV,닛산리프,아이오닉EV,BMW i3,스파크EV,볼트EV,테슬라"
402,서울특별시 성동구 하왕십리동,1,3,"SM3 Z.E,레이EV,소울EV,닛산리프,아이오닉EV,BMW i3,스파크EV,볼트EV,테슬라"
403,서울특별시 성동구 상왕십리동,1,4,"SM3 Z.E,레이EV,소울EV,닛산리프,아이오닉EV,BMW i3,스파크EV,볼트EV,테슬라"
404,서울특별시 성동구 상왕십리동,1,1,"SM3 Z.E,레이EV,소울EV,닛산리프,아이오닉EV,BMW i3,스파크EV,볼트EV,테슬라"
405,서울특별시 성동구 하왕십리동,1,2,"SM3 Z.E,레이EV,소울EV,닛산리프,아이오닉EV,BMW i3,스파크EV,볼트EV,테슬라"
406,서울특별시 성동구 사근동,2,0,"SM3 Z.E,레이EV,소울EV,닛산리프,아이오닉EV,BMW i3,스파크EV,볼트EV,테슬라"
407,서울특별시 성동구 행당동,2,2,"SM3 Z.E,레이EV,소울EV,닛산리프,아이오닉EV,BMW i3,스파크EV,볼트EV,테슬라"
408,서울특별시 성동구 안암동,2,0,"SM3 Z.E,레이EV,소울EV,닛산리프,아이오닉EV,BMW i3,스파크EV,볼트EV,테슬라"
409,서울특별시 성동구 안암동,1,1,"SM3 Z.E,레이EV,소울EV,닛산리프,아이오닉EV,BMW i3,스파크EV,볼트EV,테슬라"
410,서울특별시 성북구 정릉동,2,0,"SM3 Z.E,레이EV,소울EV,닛산리프,아이오닉EV,BMW i3,스파크EV,볼트EV,테슬라"
411,서울특별시 성북구 돈암동,1,2,"SM3 Z.E,레이EV,소울EV,닛산리프,아이오닉EV,BMW i3,스파크EV,볼트EV,테슬라"
412,서울특별시 성북구 길음동,1,0,"SM3 Z.E,레이EV,소울EV,닛산리프,아이오닉EV,BMW i3,스파크EV,볼트EV,테슬라"
413,서울특별시 성북구 장위동,1,2,"SM3 Z.E,레이EV,소울EV,닛산리프,아이오닉EV,BMW i3,스파크EV,볼트EV,테슬라"
414,서울특별시 성북구 하월곡동,1,2,"SM3 Z.E,레이EV,소울EV,닛산리프,아이오닉EV,BMW i3,스파크EV,볼트EV,테슬라"
415,서울특별시 성북구 돈암동,1,0,"SM3 Z.E,레이EV,소울EV,닛산리프,아이오닉EV,BMW i3,스파크EV,볼트EV,테슬라"
416,서울특별시 성북구 돈암동,1,1,"SM3 Z.E,레이EV,소울EV,닛산리프,아이오닉EV,BMW i3,스파크EV,볼트EV,테슬라"
417,서울특별시 성북구 돈암동,0,2,"SM3 Z.E,레이EV,소울EV,닛산리프,아이오닉EV,BMW i3,스파크EV,볼트EV,테슬라"
418,서울특별시 성북구 하월곡동,1,2,"SM3 Z.E,레이EV,소울EV,닛산리프,아이오닉EV,BMW i3,스파크EV,볼트EV,테슬라"
419,서울특별시 성북구 석관동,0,10,"SM3 Z.E,레이EV,소울EV,닛산리프,아이오닉EV,BMW i3,스파크EV,볼트EV,테슬라"
420,서울특별시 성북구 보문동,0,1,"SM3 Z.E,레이EV,소울EV,닛산리프,아이오닉EV,BMW i3,스파크EV,볼트EV,테슬라"
421,서울특별시 성북구 돈암동,1,1,"SM3 Z.E,레이EV,소울EV,닛산리프,아이오닉EV,BMW i3,스파크EV,볼트EV,테슬라"
422,서울특별시 성북구 삼선동,1,2,"SM3 Z.E,레이EV,소울EV,닛산리프,아이오닉EV,BMW i3,스파크EV,볼트EV,테슬라"
423,서울특별시 성북구 삼선동,1,3,"SM3 Z.E,레이EV,소울EV,닛산리프,아이오닉EV,BMW i3,스파크EV,볼트EV,테슬라"
424,서울특별시 성북구 삼선동,0,3,"레이EV,소울EV,닛산리프,아이오닉EV,BMW i3,스파크EV,볼트EV"
425,서울특별시 성북구 석관동,2,0,"SM3 Z.E,레이EV,소울EV,닛산리프,아이오닉EV,BMW i3,스파크EV,볼트EV,테슬라"
426,서울특별시 성북구 상월곡동,1,3,"SM3 Z.E,레이EV,소울EV,닛산리프,아이오닉EV,BMW i3,스파크EV,볼트EV,테슬라"
427,서울특별시 성북구 정릉동,1,3,"SM3 Z.E,레이EV,소울EV,닛산리프,아이오닉EV,BMW i3,스파크EV,볼트EV,테슬라"
428,서울특별시 성북구 정릉동,1,2,"SM3 Z.E,레이EV,소울EV,닛산리프,아이오닉EV,BMW i3,스파크EV,볼트EV,테슬라"
429,서울특별시 성북구 정릉동,1,2,"SM3 Z.E,레이EV,소울EV,닛산리프,아이오닉EV,BMW i3,스파크EV,볼트EV,테슬라"
430,서울특별시 성북구 종암동,1,0,"SM3 Z.E,레이EV,소울EV,닛산리프,아이오닉EV,BMW i3,스파크EV,볼트EV,테슬라"
431,서울특별시 성북구 동소문동7가,1,0,"SM3 Z.E,레이EV,소울EV,닛산리프,아이오닉EV,BMW i3,스파크EV,볼트EV,테슬라"
432,서울특별시 성북구 길음동,4,0,"SM3 Z.E,테슬라"
433,서울특별시 송파구 가락동,1,0,"SM3 Z.E,레이EV,소울EV,닛산리프,아이오닉EV,BMW i3,스파크EV,볼트EV,테슬라"
434,서울특별시 강동구 천호동,3,0,"SM3 Z.E,레이EV,소울EV,닛산리프,아이오닉EV,BMW i3,스파크EV,볼트EV,테슬라"
435,서울특별시 송파구 가락동,2,4,"SM3 Z.E,레이EV,소울EV,닛산리프,아이오닉EV,BMW i3,스파크EV,볼트EV,테슬라"
436,서울특별시 송파구 가락동,0,1,"SM3 Z.E,레이EV,소울EV,닛산리프,아이오닉EV,BMW i3,스파크EV,볼트EV,테슬라"
437,서울특별시 송파구 잠실동,1,3,"SM3 Z.E,레이EV,소울EV,닛산리프,아이오닉EV,BMW i3,스파크EV,볼트EV,테슬라"
438,서울특별시 송파구 거여동,1,4,"SM3 Z.E,레이EV,소울EV,닛산리프,아이오닉EV,BMW i3,스파크EV,볼트EV,테슬라"
439,서울특별시 송파구 거여동,1,0,"SM3 Z.E,레이EV,소울EV,닛산리프,아이오닉EV,BMW i3,스파크EV,볼트EV,테슬라"
440,서울특별시 송파구 거여동,1,3,"SM3 Z.E,레이EV,소울EV,닛산리프,아이오닉EV,BMW i3,스파크EV,볼트EV,테슬라"
441,서울특별시 송파구 거여동,1,3,"SM3 Z.E,레이EV,소울EV,닛산리프,아이오닉EV,BMW i3,스파크EV,볼트EV,테슬라"
442,서울특별시 강동구 천호동,1,0,"SM3 Z.E,레이EV,소울EV,닛산리프,아이오닉EV,BMW i3,스파크EV,볼트EV,테슬라"
443,서울특별시 송파구 잠실동,2,6,"SM3 Z.E,레이EV,소울EV,닛산리프,아이오닉EV,BMW i3,스파크EV,볼트EV,테슬라"
444,서울특별시 강동구 천호동,2,6,"SM3 Z.E,레이EV,소울EV,닛산리프,아이오닉EV,BMW i3,스파크EV,볼트EV,테슬라"
445,서울특별시 송파구 마천동,1,0,"SM3 Z.E,레이EV,소울EV,닛산리프,아이오닉EV,BMW i3,스파크EV,볼트EV,테슬라"
446,서울특별시 송파구 문정동,1,0,"SM3 Z.E,테슬라"
447,서울특별시 송파구 문정동,1,3,"SM3 Z.E,레이EV,소울EV,닛산리프,아이오닉EV,BMW i3,스파크EV,볼트EV,테슬라"
448,서울특별시 송파구 방이동,0,2,"레이EV,소울EV,닛산리프,아이오닉EV,BMW i3,스파크EV,볼트EV"
449,서울특별시 송파구 삼전동,1,0,"SM3 Z.E,레이EV,소울EV,닛산리프,아이오닉EV,BMW i3,스파크EV,볼트EV,테슬라"
450,서울특별시 송파구 송파동,1,0,"SM3 Z.E,테슬라"
451,서울특별시 송파구 신천동,1,0,"SM3 Z.E,레이EV,소울EV,닛산리프,아이오닉EV,BMW i3,스파크EV,볼트EV,테슬라"
452,서울특별시 송파구 장지동,2,5,"SM3 Z.E,레이EV,소울EV,닛산리프,아이오닉EV,BMW i3,스파크EV,볼트EV,테슬라"
453,서울특별시 송파구 장지동,1,3,"SM3 Z.E,레이EV,소울EV,닛산리프,아이오닉EV,BMW i3,스파크EV,볼트EV,테슬라"
454,서울특별시 송파구 오금동,1,0,"SM3 Z.E,테슬라"
455,서울특별시 송파구 방이동,1,3,"SM3 Z.E,레이EV,소울EV,닛산리프,아이오닉EV,BMW i3,스파크EV,볼트EV,테슬라"
456,서울특별시 송파구 가락동,1,2,"SM3 Z.E,레이EV,소울EV,닛산리프,아이오닉EV,BMW i3,스파크EV,볼트EV,테슬라"
457,서울특별시 송파구 장지동,0,2,"SM3 Z.E,레이EV,소울EV,닛산리프,아이오닉EV,BMW i3,스파크EV,볼트EV,테슬라"
458,서울특별시 송파구 장지동,1,2,"SM3 Z.E,레이EV,소울EV,닛산리프,아이오닉EV,BMW i3,스파크EV,볼트EV,테슬라"
459,서울특별시 송파구 장지동,0,2,"SM3 Z.E,레이EV,소울EV,닛산리프,아이오닉EV,BMW i3,스파크EV,볼트EV,테슬라"
460,서울특별시 송파구 장지동,1,2,"SM3 Z.E,레이EV,소울EV,닛산리프,아이오닉EV,BMW i3,스파크EV,볼트EV,테슬라"
461,서울특별시 송파구 장지동,1,3,"SM3 Z.E,레이EV,소울EV,닛산리프,아이오닉EV,BMW i3,스파크EV,볼트EV,테슬라"
462,서울특별시 송파구 장지동,1,3,"SM3 Z.E,레이EV,소울EV,닛산리프,아이오닉EV,BMW i3,스파크EV,볼트EV,테슬라"
463,서울특별시 송파구 장지동,1,2,"SM3 Z.E,레이EV,소울EV,닛산리프,아이오닉EV,BMW i3,스파크EV,볼트EV,테슬라"
464,서울특별시 송파구 마천동,1,2,"SM3 Z.E,레이EV,소울EV,닛산리프,아이오닉EV,BMW i3,스파크EV,볼트EV,테슬라"
465,서울특별시 송파구 마천동,1,2,"SM3 Z.E,레이EV,소울EV,닛산리프,아이오닉EV,BMW i3,스파크EV,볼트EV,테슬라"
466,서울특별시 송파구 풍납동,0,1,"SM3 Z.E,레이EV,소울EV,닛산리프,아이오닉EV,BMW i3,스파크EV,볼트EV,테슬라"
467,서울특별시 송파구 거여동,0,2,"SM3 Z.E,레이EV,소울EV,닛산리프,아이오닉EV,BMW i3,스파크EV,볼트EV,테슬라"
468,서울특별시 송파구 오금동,1,0,"SM3 Z.E,테슬라"
469,서울특별시 송파구 장지동,2,6,"SM3 Z.E,레이EV,소울EV,닛산리프,아이오닉EV,BMW i3,스파크EV,볼트EV,테슬라"
470,서울특별시 송파구 장지동,1,0,"SM3 Z.E,레이EV,소울EV,닛산리프,아이오닉EV,BMW i3,스파크EV,볼트EV,테슬라"
471,서울특별시 송파구 장지동,1,3,"SM3 Z.E,레이EV,소울EV,닛산리프,아이오닉EV,BMW i3,스파크EV,볼트EV,테슬라"
472,서울특별시 강동구 천호동,1,2,"SM3 Z.E,레이EV,소울EV,닛산리프,아이오닉EV,BMW i3,스파크EV,볼트EV,테슬라"
473,서울특별시 송파구 잠실동,0,1,"SM3 Z.E,레이EV,소울EV,닛산리프,아이오닉EV,BMW i3,스파크EV,볼트EV,테슬라"
474,서울특별시 강동구 천호동,0,1,"SM3 Z.E,레이EV,소울EV,닛산리프,아이오닉EV,BMW i3,스파크EV,볼트EV,테슬라"
475,서울특별시 강동구 천호동,1,2,"SM3 Z.E,레이EV,소울EV,닛산리프,아이오닉EV,BMW i3,스파크EV,볼트EV,테슬라"
476,서울특별시 송파구 풍납동,1,1,"SM3 Z.E,레이EV,소울EV,닛산리프,아이오닉EV,BMW i3,스파크EV,볼트EV,테슬라"
477,서울특별시 송파구 신천동,1,0,"SM3 Z.E,레이EV,소울EV,닛산리프,아이오닉EV,BMW i3,스파크EV,볼트EV,테슬라"
478,서울특별시 송파구 송파동,0,2,"레이EV,소울EV,닛산리프,아이오닉EV,BMW i3,스파크EV,볼트EV"
479,서울특별시 양천구 신월동,1,0,"SM3 Z.E,레이EV,소울EV,닛산리프,아이오닉EV,BMW i3,스파크EV,볼트EV,테슬라"
480,서울특별시 양천구 신정동,1,0,"SM3 Z.E,테슬라"
481,서울특별시 양천구 신정동,1,7,"SM3 Z.E,레이EV,소울EV,닛산리프,아이오닉EV,BMW i3,스파크EV,볼트EV,테슬라"
482,서울특별시 양천구 신월동,1,0,"SM3 Z.E,테슬라"
483,서울특별시 양천구 목동,1,0,"SM3 Z.E,테슬라"
484,서울특별시 양천구 목동,0,2,"SM3 Z.E,레이EV,소울EV,닛산리프,아이오닉EV,BMW i3,스파크EV,볼트EV,테슬라"
485,서울특별시 양천구 목동,1,3,"SM3 Z.E,레이EV,소울EV,닛산리프,아이오닉EV,BMW i3,스파크EV,볼트EV,테슬라"
486,서울특별시 양천구 신정동,1,0,"SM3 Z.E,레이EV,소울EV,닛산리프,아이오닉EV,BMW i3,스파크EV,볼트EV,테슬라"
487,서울특별시 양천구 신정동,1,1,"SM3 Z.E,레이EV,소울EV,닛산리프,아이오닉EV,BMW i3,스파크EV,볼트EV,테슬라"
488,서울특별시 양천구 목동,1,2,"SM3 Z.E,레이EV,소울EV,닛산리프,아이오닉EV,BMW i3,스파크EV,볼트EV,테슬라"
489,서울특별시 양천구 신정동,1,1,"SM3 Z.E,레이EV,소울EV,닛산리프,아이오닉EV,BMW i3,스파크EV,볼트EV,테슬라"
490,서울특별시 양천구 목동,0,2,"SM3 Z.E,레이EV,소울EV,닛산리프,아이오닉EV,BMW i3,스파크EV,볼트EV,테슬라"
491,서울특별시 양천구 목동,4,0,"SM3 Z.E,레이EV,소울EV,닛산리프,아이오닉EV,BMW i3,스파크EV,볼트EV,테슬라"
492,서울특별시 양천구 신월동,0,3,"SM3 Z.E,레이EV,소울EV,닛산리프,아이오닉EV,BMW i3,스파크EV,볼트EV,테슬라"
493,서울특별시 양천구 신월동,0,2,"SM3 Z.E,레이EV,소울EV,닛산리프,아이오닉EV,BMW i3,스파크EV,볼트EV,테슬라"
494,서울특별시 양천구 신월동,1,0,"SM3 Z.E,레이EV,소울EV,닛산리프,아이오닉EV,BMW i3,스파크EV,볼트EV,테슬라"
495,서울특별시 양천구 신정동,0,1,"SM3 Z.E,레이EV,소울EV,닛산리프,아이오닉EV,BMW i3,스파크EV,볼트EV,테슬라"
496,서울특별시 양천구 신정동,0,1,"SM3 Z.E,레이EV,소울EV,닛산리프,아이오닉EV,BMW i3,스파크EV,볼트EV,테슬라"
497,서울특별시 양천구 신정동,1,0,"SM3 Z.E,레이EV,소울EV,닛산리프,아이오닉EV,BMW i3,스파크EV,볼트EV,테슬라"
498,서울특별시 양천구 신정동,0,3,"SM3 Z.E,레이EV,소울EV,닛산리프,아이오닉EV,BMW i3,스파크EV,볼트EV,테슬라"
499,서울특별시 양천구 신정동,2,0,"SM3 Z.E,테슬라"
500,서울특별시 양천구 신월동,1,2,"SM3 Z.E,레이EV,소울EV,닛산리프,아이오닉EV,BMW i3,스파크EV,볼트EV,테슬라"
501,서울특별시 양천구 신월동,0,2,"SM3 Z.E,레이EV,소울EV,닛산리프,아이오닉EV,BMW i3,스파크EV,볼트EV,테슬라"
502,서울특별시 양천구 신정동,1,1,"SM3 Z.E,레이EV,소울EV,닛산리프,아이오닉EV,BMW i3,스파크EV,볼트EV,테슬라"
503,서울특별시 양천구 목동,1,0,"SM3 Z.E,테슬라"
504,서울특별시 영등포구 여의도동,0,3,"SM3 Z.E,레이EV,소울EV,닛산리프,아이오닉EV,BMW i3,스파크EV,볼트EV,테슬라"
505,서울특별시 영등포구 여의도동,2,8,"SM3 Z.E,레이EV,소울EV,닛산리프,아이오닉EV,BMW i3,스파크EV,볼트EV,테슬라"
506,서울특별시 영등포구 문래동,0,5,"SM3 Z.E,레이EV,소울EV,닛산리프,아이오닉EV,BMW i3,스파크EV,볼트EV,테슬라"
507,서울특별시 영등포구 문래동,1,2,"SM3 Z.E,레이EV,소울EV,닛산리프,아이오닉EV,BMW i3,스파크EV,볼트EV,테슬라"
508,서울특별시 영등포구 당산동,2,0,"SM3 Z.E,테슬라"
509,서울특별시 영등포구 당산동,1,2,"SM3 Z.E,레이EV,소울EV,닛산리프,아이오닉EV,BMW i3,스파크EV,볼트EV,테슬라"
510,서울특별시 영등포구 대림동,1,4,"SM3 Z.E,레이EV,소울EV,닛산리프,아이오닉EV,BMW i3,스파크EV,볼트EV,테슬라"
511,서울특별시 영등포구 대림동,1,0,"SM3 Z.E,레이EV,소울EV,닛산리프,아이오닉EV,BMW i3,스파크EV,볼트EV,테슬라"
512,서울특별시 영등포구 대림동,1,0,"SM3 Z.E,레이EV,소울EV,닛산리프,아이오닉EV,BMW i3,스파크EV,볼트EV,테슬라"
513,서울특별시 영등포구 여의도동,1,2,"SM3 Z.E,레이EV,소울EV,닛산리프,아이오닉EV,BMW i3,스파크EV,볼트EV,테슬라"
514,서울특별시 영등포구 문래동,0,3,"SM3 Z.E,레이EV,소울EV,닛산리프,아이오닉EV,BMW i3,스파크EV,볼트EV,테슬라"
515,서울특별시 영등포구 문래동,0,1,"SM3 Z.E,레이EV,소울EV,닛산리프,아이오닉EV,BMW i3,스파크EV,볼트EV,테슬라"
516,서울특별시 영등포구 문래동,1,2,"SM3 Z.E,레이EV,소울EV,닛산리프,아이오닉EV,BMW i3,스파크EV,볼트EV,테슬라"
517,서울특별시 영등포구 문래동,0,8,"SM3 Z.E,레이EV,소울EV,닛산리프,아이오닉EV,BMW i3,스파크EV,볼트EV,테슬라"
518,서울특별시 강남구 길동,0,4,"SM3 Z.E,레이EV,소울EV,닛산리프,아이오닉EV,BMW i3,스파크EV,볼트EV,테슬라"
519,서울특별시 강남구 길동,0,1,"SM3 Z.E,레이EV,소울EV,닛산리프,아이오닉EV,BMW i3,스파크EV,볼트EV,테슬라"
520,서울특별시 영등포구 당산동,2,0,"SM3 Z.E,테슬라"
521,서울특별시 영등포구 신길동,1,2,"SM3 Z.E,레이EV,소울EV,닛산리프,아이오닉EV,BMW i3,스파크EV,볼트EV,테슬라"
522,서울특별시 강남구 길동,0,2,"SM3 Z.E,레이EV,소울EV,닛산리프,아이오닉EV,BMW i3,스파크EV,볼트EV,테슬라"
523,서울특별시 강남구 길동,1,2,"SM3 Z.E,레이EV,소울EV,닛산리프,아이오닉EV,BMW i3,스파크EV,볼트EV,테슬라"
524,서울특별시 영등포구 양평동,1,1,"SM3 Z.E,레이EV,소울EV,닛산리프,아이오닉EV,BMW i3,스파크EV,볼트EV,테슬라"
525,서울특별시 영등포구 여의도동,4,0,"SM3 Z.E,테슬라"
526,서울특별시 영등포구 당산동,2,0,"SM3 Z.E,테슬라"
527,서울특별시 영등포구 당산동,1,0,"SM3 Z.E,테슬라"
528,서울특별시 강남구 길동,1,3,"SM3 Z.E,레이EV,소울EV,닛산리프,아이오닉EV,BMW i3,스파크EV,볼트EV,테슬라"
529,서울특별시 영등포구 도림동,1,3,"SM3 Z.E,레이EV,소울EV,닛산리프,아이오닉EV,BMW i3,스파크EV,볼트EV,테슬라"
530,서울특별시 영등포구 영등포동,1,2,"SM3 Z.E,레이EV,소울EV,닛산리프,아이오닉EV,BMW i3,스파크EV,볼트EV,테슬라"
531,서울특별시 용산구 이촌동,1,3,"SM3 Z.E,레이EV,소울EV,닛산리프,아이오닉EV,BMW i3,스파크EV,볼트EV,테슬라"
532,서울특별시 용산구 용산동6가,3,0,"SM3 Z.E,레이EV,소울EV,닛산리프,아이오닉EV,BMW i3,스파크EV,볼트EV,테슬라"
533,서울특별시 용산구 한강로1가,0,5,"SM3 Z.E,레이EV,소울EV,닛산리프,아이오닉EV,BMW i3,스파크EV,볼트EV,테슬라"
534,서울특별시 용산구 이촌동,1,2,"SM3 Z.E,레이EV,소울EV,닛산리프,아이오닉EV,BMW i3,스파크EV,볼트EV,테슬라"
535,서울특별시 용산구 이촌동,1,2,"SM3 Z.E,레이EV,소울EV,닛산리프,아이오닉EV,BMW i3,스파크EV,볼트EV,테슬라"
536,서울특별시 용산구 원효로1가,1,0,"SM3 Z.E,레이EV,소울EV,닛산리프,아이오닉EV,BMW i3,스파크EV,볼트EV,테슬라"
537,서울특별시 용산구 원효로1가,0,2,"SM3 Z.E,레이EV,소울EV,닛산리프,아이오닉EV,BMW i3,스파크EV,볼트EV,테슬라"
538,서울특별시 용산구 원효로1가,1,1,"SM3 Z.E,레이EV,소울EV,닛산리프,아이오닉EV,BMW i3,스파크EV,볼트EV,테슬라"
539,서울특별시 용산구 한강로동,1,0,"SM3 Z.E,레이EV,소울EV,닛산리프,아이오닉EV,BMW i3,스파크EV,볼트EV,테슬라"
540,서울특별시 용산구 문배동,0,2,"SM3 Z.E,레이EV,소울EV,닛산리프,아이오닉EV,BMW i3,스파크EV,볼트EV,테슬라"
541,서울특별시 용산구 한강로동,10,11,"SM3 Z.E,레이EV,소울EV,닛산리프,아이오닉EV,BMW i3,스파크EV,볼트EV,테슬라"
542,서울특별시 용산구 문배동,0,2,"SM3 Z.E,레이EV,소울EV,닛산리프,아이오닉EV,BMW i3,스파크EV,볼트EV,테슬라"
543,서울특별시 용산구 한강로동,1,0,"SM3 Z.E,레이EV,소울EV,닛산리프,아이오닉EV,BMW i3,스파크EV,볼트EV,테슬라"
544,서울특별시 용산구 한강로1가,0,5,"SM3 Z.E,레이EV,소울EV,닛산리프,아이오닉EV,BMW i3,스파크EV,볼트EV,테슬라"
545,서울특별시 용산구 용산동,0,2,"SM3 Z.E,레이EV,소울EV,닛산리프,아이오닉EV,BMW i3,스파크EV,볼트EV,테슬라"
546,서울특별시 용산구 문배동,1,2,"SM3 Z.E,레이EV,소울EV,닛산리프,아이오닉EV,BMW i3,스파크EV,볼트EV,테슬라"
547,서울특별시 용산구 용산동,3,0,"SM3 Z.E,테슬라"
548,서울특별시 용산구 청암동,1,2,"SM3 Z.E,레이EV,소울EV,닛산리프,아이오닉EV,BMW i3,스파크EV,볼트EV,테슬라"
549,서울특별시 용산구 용산동,1,3,"SM3 Z.E,레이EV,소울EV,닛산리프,아이오닉EV,BMW i3,스파크EV,볼트EV,테슬라"
550,서울특별시 용산구 문배동,0,1,"SM3 Z.E,레이EV,소울EV,닛산리프,아이오닉EV,BMW i3,스파크EV,볼트EV,테슬라"
551,서울특별시 용산구 이촌동,1,2,"SM3 Z.E,레이EV,소울EV,닛산리프,아이오닉EV,BMW i3,스파크EV,볼트EV,테슬라"
552,서울특별시 용산구 한남동,0,2,"SM3 Z.E,레이EV,소울EV,닛산리프,아이오닉EV,BMW i3,스파크EV,볼트EV,테슬라"
553,서울특별시 은평구 진관동,0,2,"레이EV,소울EV,닛산리프,아이오닉EV,BMW i3,스파크EV,볼트EV"
554,서울특별시 은평구 녹번동,1,3,"SM3 Z.E,레이EV,소울EV,닛산리프,아이오닉EV,BMW i3,스파크EV,볼트EV,테슬라"
555,서울특별시 은평구 역촌동,1,0,"SM3 Z.E,레이EV,소울EV,닛산리프,아이오닉EV,BMW i3,스파크EV,볼트EV,테슬라"
556,서울특별시 은평구 응암동,1,0,"SM3 Z.E,레이EV,소울EV,닛산리프,아이오닉EV,BMW i3,스파크EV,볼트EV,테슬라"
557,서울특별시 은평구 진관동,1,2,"SM3 Z.E,레이EV,소울EV,닛산리프,아이오닉EV,BMW i3,스파크EV,볼트EV,테슬라"
558,서울특별시 은평구 진관동,0,3,"SM3 Z.E,레이EV,소울EV,닛산리프,아이오닉EV,BMW i3,스파크EV,볼트EV,테슬라"
559,서울특별시 강북구 번동,1,0,"SM3 Z.E,레이EV,소울EV,닛산리프,아이오닉EV,BMW i3,스파크EV,볼트EV,테슬라"
560,서울특별시 은평구 응암동,1,0,"SM3 Z.E,레이EV,소울EV,닛산리프,아이오닉EV,BMW i3,스파크EV,볼트EV,테슬라"
561,서울특별시 은평구 역촌동,0,1,"SM3 Z.E,레이EV,소울EV,닛산리프,아이오닉EV,BMW i3,스파크EV,볼트EV,테슬라"
562,서울특별시 종로구 관철동,1,2,"SM3 Z.E,테슬라"
563,서울특별시 종로구 내수동,0,2,"SM3 Z.E,레이EV,소울EV,닛산리프,아이오닉EV,BMW i3,스파크EV,볼트EV,테슬라"
564,서울특별시 종로구 사직동,1,3,"SM3 Z.E,레이EV,소울EV,닛산리프,아이오닉EV,BMW i3,스파크EV,볼트EV,테슬라"
565,서울특별시 종로구 소격동,2,0,"SM3 Z.E,레이EV,소울EV,닛산리프,아이오닉EV,BMW i3,스파크EV,볼트EV,테슬라"
566,서울특별시 종로구 구기동,0,1,"SM3 Z.E,레이EV,소울EV,닛산리프,아이오닉EV,BMW i3,스파크EV,볼트EV,테슬라"
567,서울특별시 종로구 혜화동,1,2,"SM3 Z.E,레이EV,소울EV,닛산리프,아이오닉EV,BMW i3,스파크EV,볼트EV,테슬라"
568,서울특별시 종로구 무악동,1,3,"SM3 Z.E,레이EV,소울EV,닛산리프,아이오닉EV,BMW i3,스파크EV,볼트EV,테슬라"
569,서울특별시 종로구 연건동,2,0,"SM3 Z.E,테슬라"
570,서울특별시 종로구 연건동,2,0,"SM3 Z.E,테슬라"
571,서울특별시 종로구 연건동,2,0,"SM3 Z.E,테슬라"
572,서울특별시 종로구 수송동,1,0,"SM3 Z.E,레이EV,소울EV,닛산리프,아이오닉EV,BMW i3,스파크EV,볼트EV,테슬라"
573,서울특별시 종로구 무악동,0,2,"SM3 Z.E,레이EV,소울EV,닛산리프,아이오닉EV,BMW i3,스파크EV,볼트EV,테슬라"
574,서울특별시 종로구 숭인동,1,0,"SM3 Z.E,레이EV,소울EV,닛산리프,아이오닉EV,BMW i3,스파크EV,볼트EV,테슬라"
575,서울특별시 종로구 창신동,1,2,"SM3 Z.E,레이EV,소울EV,닛산리프,아이오닉EV,BMW i3,스파크EV,볼트EV,테슬라"
576,서울특별시 종로구 창신동,1,1,"SM3 Z.E,레이EV,소울EV,닛산리프,아이오닉EV,BMW i3,스파크EV,볼트EV,테슬라"
577,서울특별시 종로구 창신동,0,2,"SM3 Z.E,레이EV,소울EV,닛산리프,아이오닉EV,BMW i3,스파크EV,볼트EV,테슬라"
578,서울특별시 종로구 인의동,0,2,"SM3 Z.E,레이EV,소울EV,닛산리프,아이오닉EV,BMW i3,스파크EV,볼트EV,테슬라"
579,서울특별시 중구 만리동,0,2,"SM3 Z.E,레이EV,소울EV,닛산리프,아이오닉EV,BMW i3,스파크EV,볼트EV,테슬라"
580,서울특별시 중구 장충동,3,0,"SM3 Z.E,테슬라"
581,서울특별시 중구 희현동,1,0,"SM3 Z.E,레이EV,소울EV,닛산리프,아이오닉EV,BMW i3,스파크EV,볼트EV,테슬라"
582,서울특별시 중구 충무로5가,0,2,"SM3 Z.E,레이EV,소울EV,닛산리프,아이오닉EV,BMW i3,스파크EV,볼트EV,테슬라"
583,서울특별시 중구 회현동,1,0,"SM3 Z.E,레이EV,소울EV,닛산리프,아이오닉EV,BMW i3,스파크EV,볼트EV,테슬라"
584,서울특별시 중구 신당동,2,6,"SM3 Z.E,레이EV,소울EV,닛산리프,아이오닉EV,BMW i3,스파크EV,볼트EV,테슬라"
585,서울특별시 중구 순화동,0,2,"SM3 Z.E,레이EV,소울EV,닛산리프,아이오닉EV,BMW i3,스파크EV,볼트EV,테슬라"
586,서울특별시 중구 광희동,2,0,"SM3 Z.E,레이EV,소울EV,닛산리프,아이오닉EV,BMW i3,스파크EV,볼트EV,테슬라"
587,서울특별시 중구 황학동,2,2,"SM3 Z.E,레이EV,소울EV,닛산리프,아이오닉EV,BMW i3,스파크EV,볼트EV,테슬라"
588,서울특별시 중구 충무로5가,2,0,"SM3 Z.E,테슬라"
589,서울특별시 중구 명동,2,0,"SM3 Z.E,레이EV,소울EV,닛산리프,아이오닉EV,BMW i3,스파크EV,볼트EV,테슬라"
590,서울특별시 중구 회현동,2,0,"SM3 Z.E,테슬라"
591,서울특별시 중구 남산동3가,1,2,"SM3 Z.E,레이EV,소울EV,닛산리프,아이오닉EV,BMW i3,스파크EV,볼트EV,테슬라"
592,서울특별시 중구 명동,2,5,"SM3 Z.E,레이EV,소울EV,닛산리프,아이오닉EV,BMW i3,스파크EV,볼트EV,테슬라"
593,서울특별시 중구 희현동,1,1,"SM3 Z.E,레이EV,소울EV,닛산리프,아이오닉EV,BMW i3,스파크EV,볼트EV,테슬라"
594,서울특별시 중구 신당동,2,0,"SM3 Z.E,테슬라"
595,서울특별시 중구 명동,3,0,"SM3 Z.E,테슬라"
596,서울특별시 중랑구 다동,3,0,"레이EV,소울EV,닛산리프,아이오닉EV,BMW i3"
597,서울특별시 중랑구 묵동,1,6,"SM3 Z.E,레이EV,소울EV,닛산리프,아이오닉EV,BMW i3,스파크EV,볼트EV,테슬라"
598,서울특별시 양천구 목동,1,0,"SM3 Z.E,레이EV,소울EV,닛산리프,아이오닉EV,BMW i3,스파크EV,볼트EV,테슬라"
599,서울특별시 양천구 목동,1,2,"SM3 Z.E,레이EV,소울EV,닛산리프,아이오닉EV,BMW i3,스파크EV,볼트EV,테슬라"
600,서울특별시 양천구 목동,1,2,"SM3 Z.E,레이EV,소울EV,닛산리프,아이오닉EV,BMW i3,스파크EV,볼트EV,테슬라"
601,서울특별시 양천구 목동,0,2,"SM3 Z.E,레이EV,소울EV,닛산리프,아이오닉EV,BMW i3,스파크EV,볼트EV,테슬라"
602,서울특별시 중랑구 묵동,1,2,"SM3 Z.E,레이EV,소울EV,닛산리프,아이오닉EV,BMW i3,스파크EV,볼트EV,테슬라"
603,서울특별시 중랑구 묵동,1,2,"SM3 Z.E,레이EV,소울EV,닛산리프,아이오닉EV,BMW i3,스파크EV,볼트EV,테슬라"
604,서울특별시 중랑구 묵동,1,0,"SM3 Z.E,레이EV,소울EV,닛산리프,아이오닉EV,BMW i3,스파크EV,볼트EV,테슬라"
605,서울특별시 중랑구 상봉동,1,1,"SM3 Z.E,레이EV,소울EV,닛산리프,아이오닉EV,BMW i3,스파크EV,볼트EV,테슬라"
606,서울특별시 중랑구 신내동,1,1,"SM3 Z.E,레이EV,소울EV,닛산리프,아이오닉EV,BMW i3,스파크EV,볼트EV,테슬라"
607,서울특별시 중랑구 상봉동,1,1,"SM3 Z.E,레이EV,소울EV,닛산리프,아이오닉EV,BMW i3,스파크EV,볼트EV,테슬라"
608,서울특별시 중랑구 상봉동,0,1,"SM3 Z.E,레이EV,소울EV,닛산리프,아이오닉EV,BMW i3,스파크EV,볼트EV,테슬라"
609,서울특별시 중랑구 신내동,1,2,"SM3 Z.E,레이EV,소울EV,닛산리프,아이오닉EV,BMW i3,스파크EV,볼트EV,테슬라"
610,서울특별시 중랑구 상봉동,1,0,"SM3 Z.E,테슬라"
611,서울특별시 중랑구 망우동,1,2,"SM3 Z.E,레이EV,소울EV,닛산리프,아이오닉EV,BMW i3,스파크EV,볼트EV,테슬라"
612,서울특별시 중랑구 망우동,0,2,"SM3 Z.E,레이EV,소울EV,닛산리프,아이오닉EV,BMW i3,스파크EV,볼트EV,테슬라"
613,서울특별시 중랑구 중화동,2,0,"SM3 Z.E,테슬라"
614,서울특별시 중랑구 상봉동,1,1,"SM3 Z.E,레이EV,소울EV,닛산리프,아이오닉EV,BMW i3,스파크EV,볼트EV,테슬라"
